x,y,z,time
-2.44148831415888e-06,-0.137519037442306,-0.00238376202656975,0
-2.44046573030741e-06,-0.137519037556765,-0.00238377704567222,0.01
-2.43824470436732e-06,-0.137519037686765,-0.0023837938151398,0.02
-2.43635669291921e-06,-0.137519037701415,-0.00238379501103101,0.03
-2.43613604775253e-06,-0.137519037849916,-0.00238381379971259,0.04
-2.43779909180676e-06,-0.13751903807182,-0.00238384226078629,0.05
-2.44005383307145e-06,-0.137519038126785,-0.00238384857984316,0.06
-2.44139711014396e-06,-0.137519038215852,-0.00238385960747979,0.07
-2.44085700921192e-06,-0.137519038380712,-0.0023838809074834,0.08
-2.4387934708321e-06,-0.137519038401637,-0.00238388338348087,0.09
-2.43676936338495e-06,-0.137519038348723,-0.00238387651375361,0.1
-2.43613326642668e-06,-0.137519038308045,-0.00238387169659085,0.11
-2.43737343975767e-06,-0.137519038186331,-0.00238385638417611,0.12
-2.439593274446e-06,-0.137519038001866,-0.00238383266892742,0.13
-2.4411690240819e-06,-0.137519037947229,-0.00238382566227034,0.14
-2.44106151280682e-06,-0.137519038068669,-0.00238384108887558,0.15
-2.4392977276329e-06,-0.137519038305064,-0.00238387047844141,0.16
-2.4482377373018e-06,-0.137519027662453,-0.00238244374887254,0.17
-2.4783781894036e-06,-0.137518991380988,-0.0023773966186672,0.18
-2.52702139189686e-06,-0.137519003842495,-0.00237813299269453,0.19
-2.61235425211145e-06,-0.13751920479015,-0.00240261991080895,0.2
-2.72958238848619e-06,-0.137519616171583,-0.00245360554371712,0.21
-2.86553589017489e-06,-0.137520139676159,-0.00251879709398543,0.22
-3.01830713225157e-06,-0.137520620595747,-0.0025788882295629,0.23
-3.15480930949274e-06,-0.137520900782424,-0.0026135158217,0.24
-3.26611977333051e-06,-0.13752098527413,-0.00262301947316281,0.25
-3.34823840171838e-06,-0.137521019726635,-0.00262621896606019,0.26
-3.40649687618526e-06,-0.137521073612007,-0.0026322231117766,0.27
-3.44947018101269e-06,-0.137521109646431,-0.00263632592987482,0.28
-3.46763512487902e-06,-0.137521121741983,-0.00263798139685304,0.29
-3.46206708512003e-06,-0.13752110405836,-0.0026364805908638,0.3
-3.41652822677514e-06,-0.137520982637688,-0.00262191413673496,0.31
-3.33194184098084e-06,-0.137520743967467,-0.00259230424784818,0.32
-3.22226732322836e-06,-0.137520461876343,-0.00255719651412898,0.33
-3.09208905120483e-06,-0.137520189131426,-0.00252338121990377,0.34
-2.96400741133495e-06,-0.137519956417643,-0.00249489244941937,0.35
-2.84626564992812e-06,-0.137519778477392,-0.00247372949853926,0.36
-2.74208740939046e-06,-0.13751963911092,-0.00245745204795469,0.37
-2.64419591742094e-06,-0.137519517517799,-0.00244304374789344,0.38
-2.56304958410455e-06,-0.137519435036575,-0.00243316264034932,0.39
-2.49893123355173e-06,-0.137519387612948,-0.00242731870422103,0.4
-2.44911718401874e-06,-0.137519333680248,-0.00242056805195307,0.41
-2.43872196669257e-06,-0.137519249613939,-0.00241020201774777,0.42
-2.43001592499979e-06,-0.137519139766394,-0.00239669244210094,0.43
-2.44337032689375e-06,-0.137519036488262,-0.00238396426553228,0.44
-2.45963547777129e-06,-0.137518935757792,-0.00237118170956131,0.45
-2.45041117551647e-06,-0.137518859323555,-0.00236118840033105,0.46
-2.44368062993471e-06,-0.137518847013357,-0.0023594555442644,0.47
-2.41655558285824e-06,-0.137518872692948,-0.00236272881137733,0.48
-2.40202303440946e-06,-0.137518917318448,-0.00236858318297297,0.49
-2.41251924396399e-06,-0.137518974602513,-0.00237611952021056,0.5
-2.42535819671375e-06,-0.137519017453993,-0.00238162583549655,0.51
-2.45544073365669e-06,-0.137519036906217,-0.0023838955564351,0.52
-2.46388563168694e-06,-0.137519043302418,-0.00238439142859994,0.53
-2.45451758516011e-06,-0.137519056861199,-0.00238594269949544,0.54
-2.44076261806916e-06,-0.137519075540298,-0.00238835411980901,0.55
-2.41722927245491e-06,-0.137519093220336,-0.00239076017046043,0.56
-2.42163989358803e-06,-0.137519116564999,-0.00239392521520576,0.57
-2.43665113230544e-06,-0.137519125390388,-0.00239506005725581,0.58
-2.45523657705285e-06,-0.137519117924226,-0.00239392778560182,0.59
-2.4736494116205e-06,-0.13751911314898,-0.00239314132619548,0.6
-2.46244555785623e-06,-0.137519111296934,-0.00239282707845709,0.61
-2.44622540158175e-06,-0.137519115458357,-0.00239343447623384,0.62
-2.4274967345315e-06,-0.137519123763009,-0.00239465381460852,0.63
-2.41864189032161e-06,-0.137519130622538,-0.00239564398131091,0.64
-2.43610448069827e-06,-0.137519129531709,-0.00239548521491502,0.65
-2.45265593300312e-06,-0.137519118825046,-0.00239397357705122,0.66
-2.4692575804075e-06,-0.137519113468225,-0.00239317847284116,0.67
-2.46850656088382e-06,-0.137519112709568,-0.00239306629332106,0.68
-2.44721374496302e-06,-0.137519114477598,-0.00239336654765764,0.69
-2.43176110511105e-06,-0.137519122805907,-0.00239456215019818,0.7
-2.42002484666381e-06,-0.137519126044001,-0.00239503125435348,0.71
-2.42957705425229e-06,-0.137519122572917,-0.00239453540480757,0.72
-2.45164742243132e-06,-0.137519117271444,-0.00239375510494493,0.73
-2.4646129454055e-06,-0.137519113433128,-0.00239318829849227,0.74
-2.46978354799968e-06,-0.137519114903395,-0.00239339020604658,0.75
-2.4531120701689e-06,-0.137519118228489,-0.00239388810528372,0.76
-2.43277509481249e-06,-0.137519123803105,-0.00239468629957949,0.77
-2.42386596576175e-06,-0.137519125997954,-0.0023949907294246,0.78
-2.42585521814418e-06,-0.137519121409967,-0.00239434002307036,0.79
-2.44699621255603e-06,-0.137519118467615,-0.00239389159231088,0.8
-2.46374139425289e-06,-0.137519116645089,-0.00239361842467151,0.81
-2.46769730871695e-06,-0.137519117396815,-0.00239373572888656,0.82
-2.45881914564384e-06,-0.137519121925103,-0.00239438509153769,0.83
-2.43641367381853e-06,-0.137519124712099,-0.00239479088459514,0.84
-2.42481086107215e-06,-0.137519125049869,-0.00239483333316135,0.85
-2.42624449194992e-06,-0.137519121916993,-0.00239437958820929,0.86
-2.44077535304082e-06,-0.13751911909383,-0.00239396324216535,0.87
-2.46173586475034e-06,-0.137519119107235,-0.00239395270601978,0.88
-2.4673272929274e-06,-0.137519119892195,-0.00239407834012518,0.89
-2.46068956212016e-06,-0.137519123496847,-0.00239459370120306,0.9
-2.44262492145561e-06,-0.137519125535154,-0.00239488447117855,0.91
-2.42560243466991e-06,-0.137519124058759,-0.00239467686847225,0.92
-2.42614294691755e-06,-0.137519122450049,-0.00239443200839762,0.93
-2.43741410057696e-06,-0.137519120386386,-0.00239413072964364,0.94
-2.45663902981059e-06,-0.137519120511173,-0.00239414551564393,0.95
-2.46799473220136e-06,-0.137519122390893,-0.00239441696827058,0.96
-2.46179356876197e-06,-0.137519124314882,-0.00239469759934493,0.97
-2.44724080443173e-06,-0.137519125692463,-0.00239488968327749,0.98
-2.429278802219e-06,-0.137519124129671,-0.00239466737471936,0.99
-2.42459215184255e-06,-0.137519122598929,-0.00239443935185331,1
