x,y,z,time
-1.36640583604792e-06,0.343688637294511,-0.00460568864305592,0
-1.36640583604453e-06,0.343688637294441,-0.00460568864873316,0.001
-1.36640567486785e-06,0.343688637294407,-0.0046056886545837,0.002
-1.36640617371447e-06,0.343688637294525,-0.00460568865826693,0.003
-1.36641011231222e-06,0.343688637294341,-0.00460568866379548,0.004
-1.36641908592527e-06,0.343688637291408,-0.00460568869529563,0.005
-1.36643008456504e-06,0.343688637280927,-0.00460568879031832,0.006
-1.36643762127896e-06,0.343688637256227,-0.00460568899337438,0.007
-1.36643833595388e-06,0.343688637208922,-0.00460568937588455,0.008
-1.36643333786604e-06,0.343688637128748,-0.00460569007422871,0.009
-1.36642749693653e-06,0.343688637003472,-0.00460569132463341,0.01
-1.36642753674125e-06,0.34368863681888,-0.00460569349298889,0.011
-1.36644030373493e-06,0.343688636558476,-0.00460569711633413,0.012
-1.36647104370898e-06,0.343688636202768,-0.0046057029646441,0.013
-1.36652121883494e-06,0.343688635728388,-0.00460571211184941,0.014
-1.36658659778183e-06,0.343688635107352,-0.00460572600152762,0.015
-1.36665744338456e-06,0.343688634306499,-0.00460574650415451,0.016
-1.36672204539028e-06,0.343688633287037,-0.00460577596869563,0.017
-1.36677260635306e-06,0.343688632004203,-0.00460581726664436,0.018
-1.36681023205193e-06,0.343688630407083,-0.00460587382387762,0.019
-1.3668455085375e-06,0.343688628438565,-0.00460594964043902,0.02
-1.36689348908623e-06,0.343688626035306,-0.00460604930231207,0.021
-1.36696547763002e-06,0.343688623127708,-0.00460617798671512,0.022
-1.3670623680482e-06,0.343688619639941,-0.004606341458753,0.023
-1.36717372540815e-06,0.343688615490046,-0.00460654605824144,0.024
-1.36728346347929e-06,0.343688610590097,-0.00460679867862023,0.025
-1.36737897960937e-06,0.343688604846391,-0.00460710673999447,0.026
-1.36745851632394e-06,0.343688598159696,-0.00460747815611166,0.027
-1.36753262764861e-06,0.343688590425588,-0.00460792129446812,0.028
-1.36761915372914e-06,0.343688581534864,-0.00460844493035507,0.029
-1.36773477809356e-06,0.343688571374017,-0.00460905819683703,0.03
-1.36788787436904e-06,0.34368855982574,-0.00460977053230508,0.031
-1.36807620491348e-06,0.343688546769448,-0.00461059162689977,0.032
-1.36829008720733e-06,0.343688532081786,-0.004611531369664,0.033
-1.36851878850557e-06,0.343688515637096,-0.00461259979865212,0.034
-1.36875668566061e-06,0.34368849730783,-0.00461380705547901,0.035
-1.36900645020065e-06,0.343688476964924,-0.00461516334476746,0.036
-1.36927836235345e-06,0.343688454478129,-0.00461667889873452,0.037
-1.36958663043652e-06,0.343688429716308,-0.00461836394751262,0.038
-1.36994453091537e-06,0.343688402547692,-0.00462022869583633,0.039
-1.37036023602951e-06,0.343688372840078,-0.00462228330627755,0.04
-1.3708347206539e-06,0.343688340460987,-0.00462453788879822,0.041
-1.37136245621819e-06,0.343688305277773,-0.00462700249624126,0.042
-1.37193478721359e-06,0.343688267157707,-0.00462968712525571,0.043
-1.37254494025068e-06,0.343688225968008,-0.00463260172193296,0.044
-1.37319274822737e-06,0.34368818157586,-0.00463575619130969,0.045
-1.37388688919644e-06,0.343688133848394,-0.00463916040994044,0.046
-1.37464320708969e-06,0.343688082652651,-0.00464282424074573,0.047
-1.37547943682215e-06,0.343688027855525,-0.00464675754914074,0.048
-1.37640861796066e-06,0.343687969323701,-0.00465097021919744,0.049
-1.37743450031084e-06,0.343687906923615,-0.00465547216854274,0.05
-1.37855153218813e-06,0.343687840521427,-0.00466027336088364,0.051
-1.37974975286977e-06,0.343687769983027,-0.00466538381532177,0.052
-1.3810222511396e-06,0.34368769517407,-0.00467081361184541,0.053
-1.38237132751829e-06,0.34368761596004,-0.00467657289255483,0.054
-1.3838100595047e-06,0.343687532206346,-0.00468267185831204,0.055
-1.38535836854243e-06,0.343687443778448,-0.00468912076062751,0.056
-1.38703559930858e-06,0.343687350542026,-0.00469592988873397,0.057
-1.38885343127981e-06,0.343687252363178,-0.00470310955199333,0.058
-1.39081268678906e-06,0.343687149108655,-0.004710670058024,0.059
-1.39290549315984e-06,0.343687040646124,-0.00471862168713911,0.06
-1.39512150612437e-06,0.343686926844445,-0.00472697466377863,0.061
-1.39745497233242e-06,0.343686807573971,-0.00473573912561997,0.062
-1.39990920908089e-06,0.343686682706855,-0.00474492509104691,0.063
-1.40249654380478e-06,0.343686552117375,-0.00475454242570527,0.064
-1.40523400797187e-06,0.343686415682248,-0.00476460080895852,0.065
-1.40813698941769e-06,0.343686273280953,-0.00477510970111865,0.066
-1.41121380236068e-06,0.343686124796028,-0.00478607831231299,0.067
-1.414463545249e-06,0.343685970113358,-0.00479751557373825,0.068
-1.41787807570089e-06,0.343685809122426,-0.00480943011186934,0.069
-1.4214471470138e-06,0.343685641716549,-0.0048218302259944,0.07
-1.42516443365002e-06,0.343685467793077,-0.00483472386930135,0.071
-1.42903180940996e-06,0.343685287253577,-0.00484811863366271,0.072
-1.43305996723907e-06,0.343685100003971,-0.00486202173821392,0.073
-1.43726502716787e-06,0.343684905954659,-0.00487644002173782,0.074
-1.44166256648419e-06,0.3436847050206,-0.00489137993873101,0.075
-1.44626175512064e-06,0.343684497121366,-0.00490684755885916,0.076
-1.45106236500203e-06,0.34368428218117,-0.00492284856935718,0.077
-1.45605619272263e-06,0.343684060128881,-0.00493938827983512,0.078
-1.46123237036999e-06,0.343683830898015,-0.00495647162892268,0.079
-1.46658410130911e-06,0.34368359442672,-0.00497410319219833,0.08
-1.47211354290407e-06,0.343683350657747,-0.00499228719086667,0.081
-1.47783236086454e-06,0.34368309953842,-0.00501102750064927,0.082
-1.48375757324295e-06,0.343682841020604,-0.00503032766035163,0.083
-1.48990465540404e-06,0.34368257506067,-0.00505019087958798,0.084
-1.49628127989786e-06,0.343682301619477,-0.00507062004520648,0.085
-1.50288477514829e-06,0.343682020662363,-0.00509161772605375,0.086
-1.50970453860488e-06,0.343681732159145,-0.00511318617582613,0.087
-1.51672817907765e-06,0.343681436084133,-0.00513532733384961,0.088
-1.52394834294742e-06,0.343681132416166,-0.00515804282370396,0.089
-1.53136690067604e-06,0.343680821138648,-0.00518133394967303,0.09
-1.5389945280644e-06,0.343680502239612,-0.00520520169108397,0.091
-1.54684598683368e-06,0.343680175711789,-0.00522964669470037,0.092
-1.5549334543481e-06,0.343679841552693,-0.00525466926544088,0.093
-1.56326110494893e-06,0.343679499764713,-0.00528026935578005,0.094
-1.57182345951821e-06,0.343679150355213,-0.00530644655422961,0.095
-1.58060818906331e-06,0.343678793336629,-0.00533320007329844,0.096
-1.58960197855992e-06,0.343678428726567,-0.00536052873730731,0.097
-1.59879668525514e-06,0.343678056547905,-0.00538843097041977,0.098
-1.60819295011803e-06,0.343677676828883,-0.00541690478525423,0.099
-1.61779963295548e-06,0.343677289603183,-0.00544594777245551,0.1
-1.62762936975075e-06,0.343676894910004,-0.0054755570915999,0.101
-1.63769232508216e-06,0.343676492794118,-0.00550572946376747,0.102
-1.64799103966697e-06,0.34367608330591,-0.00553646116603708,0.103
-1.65851877680107e-06,0.343675666501398,-0.00556774802806096,0.104
-1.66926216238168e-06,0.343675242442237,-0.00559958543078256,0.105
-1.68020691153797e-06,0.343674811195709,-0.00563196830729145,0.106
-1.69134396351492e-06,0.343674372834688,-0.00566489114576153,0.107
-1.70267311284626e-06,0.343673927437592,-0.00569834799438148,0.108
-1.71420237538772e-06,0.343673475088322,-0.0057323324681438,0.109
-1.72594334785221e-06,0.343673015876177,-0.00576683775730729,0.11
-1.73790475266903e-06,0.343672549895762,-0.00580185663729545,0.111
-1.75008726165579e-06,0.343672077246884,-0.00583738147975054,0.112
-1.76248210037587e-06,0.343671598034437,-0.00587340426443927,0.113
-1.77507411739373e-06,0.343671112368287,-0.00590991659169948,0.114
-1.78784783904773e-06,0.343670620363147,-0.00594690969512278,0.115
-1.80079358263386e-06,0.343670122138454,-0.00598437445417984,0.116
-1.81391068132274e-06,0.343669617818246,-0.0060223014065142,0.117
-1.8272062876996e-06,0.343669107531042,-0.0060606807596615,0.118
-1.8406903680597e-06,0.34366859140972,-0.00609950240199673,0.119
-1.85436932462985e-06,0.343668069591415,-0.00613875591276691,0.12
-1.86824130934893e-06,0.343667542217404,-0.00617843057112216,0.121
-1.88229544090881e-06,0.343667009433017,-0.00621851536410302,0.122
-1.8965152447579e-06,0.343666471387539,-0.00625899899357582,0.123
-1.91088462784379e-06,0.343665928234128,-0.00629986988213605,0.124
-1.92539352954566e-06,0.343665380129736,-0.00634111617803312,0.125
-1.94004058900659e-06,0.343664827235039,-0.00638272575921482,0.126
-1.95483161241428e-06,0.343664269714365,-0.00642468623664244,0.127
-1.96977461135365e-06,0.343663707735632,-0.00646698495707453,0.128
-1.98487377991036e-06,0.343663141470284,-0.00650960900554524,0.129
-2.00012524900996e-06,0.343662571093229,-0.00655254520776624,0.13
-2.01551659870705e-06,0.343661996782773,-0.00659578013266305,0.131
-2.03103033492235e-06,0.343661418720549,-0.00663930009523074,0.132
-2.04664967734016e-06,0.34366083709145,-0.00668309115987162,0.133
-2.06236392587881e-06,0.343660252083547,-0.00672713914436436,0.134
-2.07817087733782e-06,0.343659663888008,-0.00677142962460527,0.135
-2.09407515763096e-06,0.343659072699003,-0.0068159479402493,0.136
-2.11008326665868e-06,0.343658478713608,-0.00686067920135329,0.137
-2.1261976922037e-06,0.343657882131693,-0.0069056082960856,0.138
-2.14241289434768e-06,0.343657283155804,-0.00695071989952027,0.139
-2.1587150742617e-06,0.343656681991035,-0.00699599848348769,0.14
-2.1750858373223e-06,0.3436560788449,-0.00704142832741337,0.141
-2.19150799999206e-06,0.343655473927183,-0.00708699353004554,0.142
-2.2079707658696e-06,0.343654867449796,-0.00713267802194963,0.143
-2.22447180315621e-06,0.343654259626622,-0.00717846557863225,0.144
-2.24101524645378e-06,0.343653650673358,-0.00722433983414794,0.145
-2.25760660076332e-06,0.343653040807355,-0.00727028429503788,0.146
-2.2742470021194e-06,0.343652430247451,-0.00731628235444881,0.147
-2.29092957991024e-06,0.343651819213811,-0.00736231730628156,0.148
-2.30763963972409e-06,0.343651207927765,-0.00740837235921857,0.149
-2.32435854669308e-06,0.343650596611643,-0.00745443065048228,0.15
-2.34106942668684e-06,0.343649985488617,-0.00750047525918285,0.151
-2.35776195731086e-06,0.343649374782553,-0.00754648921913037,0.152
-2.37443398329144e-06,0.343648764717852,-0.00759245553101489,0.153
-2.39108922341364e-06,0.343648155519314,-0.00763835717389513,0.154
-2.40773219664089e-06,0.343647547411994,-0.00768417711597514,0.155
-2.42436279832771e-06,0.343646940621069,-0.00772989832468026,0.156
-2.44097309590741e-06,0.343646335371713,-0.00777550377606382,0.157
-2.45754783768348e-06,0.343645731888971,-0.00782097646358588,0.158
-2.47406840060466e-06,0.343645130397641,-0.00786629940631074,0.159
-2.49051828310457e-06,0.343644531122161,-0.00791145565657881,0.16
-2.50688753732897e-06,0.343643934286502,-0.00795642830722437,0.161
-2.52317405731776e-06,0.343643340114057,-0.0080012004984317,0.162
-2.53938113999885e-06,0.34364274882754,-0.00804575542434171,0.163
-2.5555125009259e-06,0.343642160648882,-0.00809007633953169,0.164
-2.5715671230614e-06,0.343641575799131,-0.00813414656548823,0.165
-2.58753638276253e-06,0.343640994498348,-0.00817794949717872,0.166
-2.60340480599543e-06,0.343640416965505,-0.00822146860980479,0.167
-2.61915408021806e-06,0.343639843418383,-0.00826468746579889,0.168
-2.63476840431816e-06,0.343639274073462,-0.00830758972210645,0.169
-2.65023863259596e-06,0.343638709145822,-0.00835015913778343,0.17
-2.66556325421763e-06,0.343638148849026,-0.00839237958192947,0.171
-2.68074576432613e-06,0.343637593395017,-0.00843423504196823,0.172
-2.69578970194964e-06,0.343637042993999,-0.00847570963227477,0.173
-2.71069373245171e-06,0.343636497854324,-0.00851678760313398,0.174
-2.72544911550728e-06,0.343635958182377,-0.00855745334999432,0.175
-2.74004074745165e-06,0.343635424182458,-0.00859769142295943,0.176
-2.7544512563245e-06,0.343634896056666,-0.00863748653644073,0.177
-2.76866617911887e-06,0.343634374004778,-0.00867682357888089,0.178
-2.78267775237028e-06,0.343633858224136,-0.00871568762245313,0.179
-2.79648552831483e-06,0.343633348909531,-0.00875406393264632,0.18
-2.81009355379964e-06,0.34363284625309,-0.00879193797765642,0.181
-2.8235054839479e-06,0.343632350444167,-0.00882929543751712,0.182
-2.83671996920179e-06,0.343631861669235,-0.0088661222129118,0.183
-2.84972850125253e-06,0.343631380111785,-0.00890240443361241,0.184
-2.86251671569592e-06,0.343630905952225,-0.00893812846649075,0.185
-2.87506850148451e-06,0.34363043936779,-0.00897328092304889,0.186
-2.88737094468788e-06,0.343629980532448,-0.00900784866642169,0.187
-2.899417758815e-06,0.343629529616824,-0.00904181881782061,0.188
-2.91120959317697e-06,0.343629086788113,-0.00907517876240976,0.189
-2.922751103433e-06,0.343628652210016,-0.00910791615462995,0.19
-2.93404620166984e-06,0.343628226042665,-0.00914001892300618,0.191
-2.9450937522443e-06,0.343627808442565,-0.0091714752744852,0.192
-2.95588574918858e-06,0.34362739956253,-0.00920227369835171,0.193
-2.96640881939865e-06,0.343626999551637,-0.0092324029697684,0.194
-2.97664831436252e-06,0.343626608555164,-0.00926185215298078,0.195
-2.98659303304392e-06,0.343626226714554,-0.00929061060422774,0.196
-2.99623833464705e-06,0.343625854167363,-0.00931866797440349,0.197
-3.00558618018629e-06,0.343625491047222,-0.00934601421152412,0.198
-3.01464210893846e-06,0.343625137483799,-0.00937263956305866,0.199
-3.02341060947703e-06,0.343624793602756,-0.00939853457818524,0.2
-3.03189109540093e-06,0.343624459525719,-0.00942369011002625,0.201
-3.04007639168104e-06,0.343624135370239,-0.00944809731790269,0.202
-3.04795443070311e-06,0.34362382124976,-0.0094717476696305,0.203
-3.0555123275648e-06,0.343623517273584,-0.00949463294386461,0.204
-3.06274088128744e-06,0.343623223546839,-0.0095167452324844,0.205
-3.06963736279039e-06,0.343622940170447,-0.00953807694300745,0.206
-3.0762052823187e-06,0.343622667241096,-0.00955862080101798,0.207
-3.08245127442469e-06,0.343622404851207,-0.00957836985259694,0.208
-3.08838060531489e-06,0.343622153088906,-0.00959731746674031,0.209
-3.09399344693497e-06,0.343621912037997,-0.00961545733774664,0.21
-3.09928367788496e-06,0.34362168177794,-0.00963278348754515,0.211
-3.10424075566431e-06,0.34362146238382,-0.00964929026792372,0.212
-3.10885374299582e-06,0.343621253926331,-0.00966497236260659,0.213
-3.11311555884873e-06,0.343621056471757,-0.00967982478912832,0.214
-3.11702543740621e-06,0.343620870081953,-0.00969384290045563,0.215
-3.12058844734459e-06,0.343620694814333,-0.00970702238632009,0.216
-3.12381232772289e-06,0.343620530721864,-0.00971935927423837,0.217
-3.12670316514133e-06,0.343620377853055,-0.00973084993020817,0.218
-3.1292619705397e-06,0.343620236251957,-0.00974149105907327,0.219
-3.13148376790498e-06,0.343620105958165,-0.00975127970455138,0.22
-3.13335960216812e-06,0.34361998700682,-0.00976021324891564,0.221
-3.13488048741057e-06,0.343619879428621,-0.00976828941231998,0.222
-3.13604140693878e-06,0.343619783249837,-0.00977550625176289,0.223
-3.13684346982552e-06,0.343619698492319,-0.00978186215969467,0.224
-3.13729321910591e-06,0.343619625173525,-0.0097873558622871,0.225
-3.1373994451411e-06,0.343619563306541,-0.00979198641739813,0.226
-3.13716903628645e-06,0.343619512900103,-0.00979575321227236,0.227
-3.13660384122914e-06,0.343619473958633,-0.00979865596101959,0.228
-3.1357000201293e-06,0.343619446482263,-0.00980069470190897,0.229
-3.13445016885473e-06,0.343619430466871,-0.00980186979450776,0.23
-3.13284718364104e-06,0.343619425904116,-0.00980218191668713,0.231
-3.13088801790255e-06,0.343619432781473,-0.00980163206151369,0.232
-3.12857555098277e-06,0.343619451082275,-0.00980022153404755,0.233
-3.12591770018453e-06,0.343619480785748,-0.00979795194807168,0.234
-3.12292422246529e-06,0.343619521867053,-0.00979482522278155,0.235
-3.11960274325789e-06,0.343619574297329,-0.00979084357946363,0.236
-3.1159559015606e-06,0.343619638043733,-0.00978600953818539,0.237
-3.11198095296501e-06,0.343619713069485,-0.0097803259145083,0.238
-3.10767199400044e-06,0.343619799333907,-0.00977379581622239,0.239
-3.10302372701592e-06,0.343619896792472,-0.00976642264008992,0.24
-3.0980349653552e-06,0.343620005396844,-0.00975821006858006,0.241
-3.09271021958207e-06,0.343620125094927,-0.00974916206657699,0.242
-3.08705863138508e-06,0.343620255830907,-0.00973928287804843,0.243
-3.08109078571625e-06,0.343620397545305,-0.0097285770226672,0.244
-3.07481493137003e-06,0.343620550175017,-0.00971704929238088,0.245
-3.06823440478446e-06,0.34362071365337,-0.00970470474792204,0.246
-3.06134746366636e-06,0.343620887910168,-0.00969154871524538,0.247
-3.05414958348992e-06,0.343621072871744,-0.00967758678187058,0.248
-3.04663710305277e-06,0.343621268461013,-0.00966282479310505,0.249
-3.03881047769964e-06,0.343621474597527,-0.00964726884812254,0.25
-3.03067560213427e-06,0.343621691197527,-0.00963092529588019,0.251
-3.02224259423624e-06,0.343621918174006,-0.00961380073086809,0.252
-3.01352263961399e-06,0.343622155436765,-0.00959590198869547,0.253
-3.00452440891879e-06,0.34362240289247,-0.00957723614152467,0.254
-2.99525174724258e-06,0.343622660444722,-0.0095578104933653,0.255
-2.98570371571588e-06,0.343622927994111,-0.00953763257523737,0.256
-2.97587694084714e-06,0.343623205438289,-0.00951671014020832,0.257
-2.96576913470053e-06,0.343623492672029,-0.00949505115830591,0.258
-2.95538210575666e-06,0.343623789587298,-0.0094726638113114,0.259
-2.94472283818278e-06,0.343624096073321,-0.00944955648744404,0.26
-2.93380214627133e-06,0.343624412016649,-0.00942573777595655,0.261
-2.92263156431371e-06,0.343624737301234,-0.00940121646166854,0.262
-2.91121996147467e-06,0.343625071808494,-0.00937600151946798,0.263
-2.89957148661766e-06,0.343625415417384,-0.00935010210880781,0.264
-2.88768580192068e-06,0.343625768004471,-0.00932352756821752,0.265
-2.87556047025055e-06,0.343626129443995,-0.00929628740984131,0.266
-2.86319434241226e-06,0.34362649960795,-0.0092683913140075,0.267
-2.85059032852089e-06,0.343626878366147,-0.00923984912383212,0.268
-2.83775624599239e-06,0.343627265586285,-0.00921067083986173,0.269
-2.824703361072e-06,0.343627661134021,-0.00918086661476505,0.27
-2.81144333712972e-06,0.343628064873041,-0.00915044674808691,0.271
-2.79798505006691e-06,0.343628476665124,-0.00911942168107727,0.272
-2.78433277888666e-06,0.343628896370211,-0.0090878019916036,0.273
-2.77048661253313e-06,0.343629323846477,-0.0090555983891459,0.274
-2.75644485586877e-06,0.343629758950388,-0.00902282170986489,0.275
-2.742207273358e-06,0.343630201536777,-0.00898948291172801,0.276
-2.72777762456814e-06,0.343630651458901,-0.00895559306967692,0.277
-2.71316429708376e-06,0.343631108568512,-0.00892116337082389,0.278
-2.69837875568251e-06,0.34363157271592,-0.00888620510967152,0.279
-2.68343256337576e-06,0.343632043750055,-0.00885072968335537,0.28
-2.66833439809546e-06,0.343632521518537,-0.00881474858691156,0.281
-2.6530884759903e-06,0.343633005867731,-0.00877827340856906,0.282
-2.63769511169448e-06,0.343633496642818,-0.00874131582506101,0.283
-2.62215312671517e-06,0.343633993687856,-0.00870388759694436,0.284
-2.60646294525222e-06,0.343634496845843,-0.00866600056391472,0.285
-2.59062890348543e-06,0.343635005958776,-0.00862766664010579,0.286
-2.57465968612574e-06,0.343635520867723,-0.00858889780936948,0.287
-2.55856670196776e-06,0.343636041412876,-0.00854970612054104,0.288
-2.54236118789511e-06,0.343636567433619,-0.00851010368270058,0.289
-2.52605142456181e-06,0.343637098768587,-0.00847010266044516,0.29
-2.50964137967422e-06,0.343637635255733,-0.00842971526918394,0.291
-2.49313140517699e-06,0.343638176732382,-0.00838895377046405,0.292
-2.47652063571444e-06,0.343638723035297,-0.00834783046732953,0.293
-2.45980993402899e-06,0.343639274000737,-0.0083063576997134,0.294
-2.44300398221235e-06,0.343639829464516,-0.00826454783986402,0.295
-2.42611153693562e-06,0.343640389262065,-0.00822241328781215,0.296
-2.40914374643172e-06,0.343640953228487,-0.00817996646689098,0.297
-2.39211134571569e-06,0.343641521198617,-0.00813721981932573,0.298
-2.37502206890744e-06,0.343642093007073,-0.00809418580190985,0.299
-2.35787950047128e-06,0.343642668488321,-0.00805087688178038,0.3
-2.34068389296564e-06,0.343643247476717,-0.00800730553229826,0.301
-2.32343454236045e-06,0.343643829806571,-0.00796348422903216,0.302
-2.30613257909683e-06,0.343644415312192,-0.0079194254458405,0.303
-2.28878284857424e-06,0.343645003827943,-0.00787514165104583,0.304
-2.27139400005791e-06,0.343645595188286,-0.00783064530369964,0.305
-2.25397676050445e-06,0.343646189227836,-0.00778594884994029,0.306
-2.2365412291593e-06,0.343646785781405,-0.00774106471944964,0.307
-2.21909448322398e-06,0.343647384684049,-0.00769600532201395,0.308
-2.20163962373163e-06,0.343647985771114,-0.0076507830441902,0.309
-2.18417669695795e-06,0.343648588878279,-0.00760541024607209,0.31
-2.16670503437314e-06,0.343649193841599,-0.00755989925814497,0.311
-2.14922588776416e-06,0.343649800497547,-0.00751426237821528,0.312
-2.13174410864636e-06,0.343650408683057,-0.00746851186840239,0.313
-2.11426808694225e-06,0.343651018235562,-0.00742265995218515,0.314
-2.09680799623675e-06,0.343651628993031,-0.00737671881150183,0.315
-2.07937319384679e-06,0.343652240794016,-0.00733070058390643,0.316
-2.06197001476216e-06,0.343652853477679,-0.00728461735978524,0.317
-2.04460099870556e-06,0.343653466883838,-0.00723848117963488,0.318
-2.02726590008178e-06,0.343654080852996,-0.00719230403139814,0.319
-2.00996398305489e-06,0.343654695226382,-0.00714609784785019,0.32
-1.99269650123577e-06,0.34365530984598,-0.00709987450402636,0.321
-1.97546818609566e-06,0.343655924554571,-0.00705364581468529,0.322
-1.95828705018204e-06,0.343656539195755,-0.00700742353180708,0.323
-1.94116261633216e-06,0.343657153613995,-0.00696121934213195,0.324
-1.92410342778727e-06,0.343657767654641,-0.0069150448647491,0.325
-1.90711502509387e-06,0.343658381163962,-0.00686891164874603,0.326
-1.890199341806e-06,0.343658993989181,-0.00682283117092534,0.327
-1.87335578915073e-06,0.343659605978498,-0.00677681483359087,0.328
-1.85658349760403e-06,0.343660216981122,-0.00673087396240071,0.329
-1.83988364172555e-06,0.343660826847297,-0.00668501980428245,0.33
-1.82326074705694e-06,0.343661435428331,-0.00663926352540826,0.331
-1.80672237175819e-06,0.343662042576617,-0.0065936162092311,0.332
-1.79027733145863e-06,0.343662648145665,-0.00654808885458843,0.333
-1.77393332328728e-06,0.343663251990119,-0.00650269237388213,0.334
-1.75769507987503e-06,0.343663853965784,-0.0064574375913425,0.335
-1.74156392082346e-06,0.343664453929648,-0.00641233524137993,0.336
-1.72553889828171e-06,0.343665051739902,-0.00636739596702211,0.337
-1.7096189768304e-06,0.343665647255961,-0.00632263031842955,0.338
-1.69380520471796e-06,0.343666240338482,-0.00627804875148047,0.339
-1.67810184919577e-06,0.343666830849385,-0.00623366162641718,0.34
-1.66251597026707e-06,0.343667418651869,-0.00618947920655045,0.341
-1.64705565186972e-06,0.34366800361043,-0.0061455116570226,0.342
-1.63172774229112e-06,0.343668585590875,-0.00610176904363234,0.343
-1.61653617832095e-06,0.343669164460342,-0.0060582613317238,0.344
-1.60148167948843e-06,0.34366974008731,-0.00601499838513846,0.345
-1.58656294174317e-06,0.343670312341616,-0.00597198996522369,0.346
-1.57177874908447e-06,0.343670881094468,-0.00592924572988785,0.347
-1.55712999385179e-06,0.343671446218456,-0.00588677523269129,0.348
-1.54262065089918e-06,0.343672007587568,-0.00584458792196455,0.349
-1.52825725650565e-06,0.3436725650772,-0.00580269313995059,0.35
-1.51404715534449e-06,0.343673118564165,-0.00576110012197191,0.351
-1.49999635873947e-06,0.343673667926711,-0.00571981799562722,0.352
-1.48610803189036e-06,0.343674213044523,-0.00567885578002119,0.353
-1.47238231876256e-06,0.34367475379874,-0.00563822238502855,0.354
-1.4588175725276e-06,0.343675290071962,-0.00559792661058902,0.355
-1.4454123937237e-06,0.34367582174826,-0.00555797714602689,0.356
-1.4321675029238e-06,0.343676348713184,-0.00551838256938853,0.357
-1.41908656397954e-06,0.343676870853773,-0.00547915134679373,0.358
-1.40617558036772e-06,0.343677388058563,-0.00544029183180149,0.359
-1.39344116648024e-06,0.343677900217595,-0.00540181226479517,0.36
-1.38088852452856e-06,0.343678407222422,-0.00536372077239418,0.361
-1.36852008759734e-06,0.343678908966119,-0.00532602536689871,0.362
-1.35633546336717e-06,0.343679405343286,-0.00528873394577014,0.363
-1.34433269053709e-06,0.343679896250059,-0.00525185429114575,0.364
-1.33251019886772e-06,0.343680381584111,-0.00521539406938246,0.365
-1.3208685378451e-06,0.343680861244662,-0.00517936083062408,0.366
-1.30941105905466e-06,0.343681335132486,-0.00514376200838825,0.367
-1.2981432415658e-06,0.343681803149909,-0.00510860491917344,0.368
-1.28707099506536e-06,0.343682265200824,-0.00507389676208976,0.369
-1.27619875521375e-06,0.343682721190684,-0.00503964461851885,0.37
-1.26552827468818e-06,0.343683171026519,-0.00500585545180689,0.371
-1.25505867399075e-06,0.343683614616931,-0.00497253610699075,0.372
-1.24478771376759e-06,0.343684051872098,-0.00493969331055318,0.373
-1.23471367303266e-06,0.343684482703785,-0.00490733367019934,0.374
-1.2248369381294e-06,0.343684907025339,-0.00487546367464693,0.375
-1.21516055432627e-06,0.343685324751696,-0.00484408969342421,0.376
-1.20568949117942e-06,0.343685735799383,-0.00481321797667404,0.377
-1.19642898403093e-06,0.343686140086522,-0.00478285465496591,0.378
-1.18738274683771e-06,0.343686537532833,-0.00475300573911928,0.379
-1.17855190326231e-06,0.343686928059633,-0.00472367712004047,0.38
-1.16993513350335e-06,0.343687311589842,-0.0046948745685722,0.381
-1.16152995359992e-06,0.343687688047987,-0.00466660373535099,0.382
-1.15333450926097e-06,0.343688057360197,-0.00463887015066516,0.383
-1.1453490300211e-06,0.343688419454214,-0.00461167922430666,0.384
-1.13757626001764e-06,0.343688774259391,-0.0045850362454122,0.385
-1.13002067359269e-06,0.343689121706693,-0.00455894638229374,0.386
-1.12268686087503e-06,0.343689461728702,-0.0045334146822616,0.387
-1.11557785662057e-06,0.34368979425962,-0.0045084460714455,0.388
-1.10869420349318e-06,0.343690119235269,-0.00448404535461727,0.389
-1.10203418446213e-06,0.343690436593096,-0.00446021721501643,0.39
-1.09559510102678e-06,0.343690746272171,-0.0044369662141759,0.391
-1.08937498078512e-06,0.343691048213196,-0.00441429679174321,0.392
-1.08337390194988e-06,0.343691342358503,-0.00439221326529273,0.393
-1.07759431299527e-06,0.343691628652056,-0.00437071983012697,0.394
-1.07204020806635e-06,0.343691907039456,-0.00434982055906887,0.395
-1.06671556154121e-06,0.343692177467945,-0.00432951940224983,0.396
-1.06162277080932e-06,0.343692439886403,-0.00430982018689979,0.397
-1.05676184373003e-06,0.343692694245356,-0.00429072661714356,0.398
-1.05213070649207e-06,0.343692940496978,-0.00427224227380488,0.399
-1.04772647336673e-06,0.34369317859509,-0.00425437061421575,0.4
-1.04354706680418e-06,0.343693408495166,-0.00423711497202644,0.401
-1.03959252878694e-06,0.34369363015432,-0.00422047855749821,0.402
-1.03586421874884e-06,0.343693843531199,-0.0042044644593829,0.403
-1.03236291767907e-06,0.34369404858669,-0.00418907563516556,0.404
-1.02909044226667e-06,0.343694245285342,-0.00417431489767294,0.405
-1.02605157998048e-06,0.343694433595723,-0.00416018492152137,0.406
-1.02325125023129e-06,0.343694613489946,-0.00414668824935275,0.407
-1.0206902868108e-06,0.343694784943513,-0.00413382727177689,0.408
-1.01836437924308e-06,0.343694947935479,-0.00412160418920383,0.409
-1.01626635263132e-06,0.343695102448544,-0.00411002097671303,0.41
-1.01438919675398e-06,0.343695248469068,-0.00409907935398779,0.411
-1.01272795365209e-06,0.343695385987376,-0.00408878074370252,0.412
-1.01128057048879e-06,0.343695514998471,-0.00407912620965731,0.413
-1.01004859781642e-06,0.343695635502911,-0.00407011638559381,0.414
-1.00903770190017e-06,0.343695747507562,-0.00406175140924648,0.415
-1.00825682602225e-06,0.343695851026156,-0.00405403086483051,0.416
-1.00771505643292e-06,0.343695946079754,-0.00404695373121924,0.417
-1.00741698940126e-06,0.343696032697086,-0.00404051833766317,0.418
-1.00735924478483e-06,0.343696110914734,-0.00403472233166477,0.419
-1.00753092299681e-06,0.343696180777188,-0.00402956265893876,0.42
-1.00791869312563e-06,0.343696242336876,-0.00402503555141621,0.421
-1.00851409903121e-06,0.34369629565419,-0.00402113652173351,0.422
-1.00931876719461e-06,0.34369634079747,-0.00401786036634367,0.423
-1.01034402783402e-06,0.343696377842899,-0.00401520117844309,0.424
-1.01160470954154e-06,0.343696406874349,-0.00401315236882008,0.425
-1.01311048641639e-06,0.343696427983189,-0.00401170669258414,0.426
-1.01485976604975e-06,0.343696441268041,-0.00401085628195199,0.427
-1.01683963739855e-06,0.343696446834454,-0.00401059268589441,0.428
-1.01903180375702e-06,0.343696444794481,-0.00401090691584577,0.429
-1.02142100532107e-06,0.34369643526622,-0.00401178949548994,0.43
-1.02400124656365e-06,0.343696418373302,-0.00401323051297742,0.431
-1.0267767150441e-06,0.34369639424438,-0.00401521967427983,0.432
-1.0297574349061e-06,0.343696363012619,-0.00401774635582963,0.433
-1.03295244948488e-06,0.34369632481523,-0.0040207996542265,0.434
-1.03636418683615e-06,0.343696279793062,-0.00402436843152264,0.435
-1.03998648887639e-06,0.343696228090231,-0.00402844135562085,0.436
-1.04380661823542e-06,0.343696169853787,-0.00403300693554091,0.437
-1.04780973991477e-06,0.343696105233419,-0.00403805355095857,0.438
-1.05198368815707e-06,0.343696034381205,-0.0040435694753869,0.439
-1.05632220449508e-06,0.343695957451412,-0.00404954289281764,0.44
-1.0608257067807e-06,0.343695874600342,-0.00405596190805815,0.441
-1.06549951274066e-06,0.343695785986216,-0.00406281455114993,0.442
-1.07035013192638e-06,0.343695691769106,-0.00407008877637694,0.443
-1.07538082353965e-06,0.343695592110889,-0.0040777724565847,0.444
-1.08058805725282e-06,0.343695487175241,-0.00408585337365081,0.445
-1.08596050748195e-06,0.343695377127646,-0.00409431920589977,0.446
-1.09148142854981e-06,0.343695262135442,-0.0041031575132537,0.447
-1.09713376507687e-06,0.343695142367876,-0.00411235572111298,0.448
-1.10290580214132e-06,0.343695017996155,-0.0041219011042151,0.449
-1.10879450457675e-06,0.343694889193503,-0.00413178077177408,0.45
-1.11480455192375e-06,0.343694756135171,-0.0041419816550142,0.451
-1.12094320541537e-06,0.343694618998439,-0.00415249049793869,0.452
-1.12721344937819e-06,0.343694477962577,-0.00416329385194521,0.453
-1.13360897545712e-06,0.343694333208779,-0.00417437807473027,0.454
-1.14011376209298e-06,0.343694184920064,-0.00418572933378903,0.455
-1.14670661013921e-06,0.343694033281148,-0.00419733361469588,0.456
-1.15336834629547e-06,0.343693878478275,-0.00420917673421589,0.457
-1.16008798721858e-06,0.343693720699011,-0.00422124435810374,0.458
-1.16686474564576e-06,0.34369356013201,-0.00423352202320769,0.459
-1.17370498506579e-06,0.343693396966746,-0.00424599516329218,0.46
-1.18061583047426e-06,0.34369323139323,-0.00425864913789943,0.461
-1.18759872804211e-06,0.343693063601707,-0.0042714692635656,0.462
-1.19464607238897e-06,0.343692893782344,-0.00428444084671009,0.463
-1.20174232969475e-06,0.343692722124901,-0.00429754921746682,0.464
-1.20886885980593e-06,0.343692548818409,-0.00431077976364252,0.465
-1.21600999560741e-06,0.343692374050843,-0.00432411796392728,0.466
-1.2231575568613e-06,0.343692198008815,-0.00433754941949913,0.467
-1.2303118699257e-06,0.343692020877283,-0.00435105988327568,0.468
-1.23747899789552e-06,0.34369184283929,-0.00436463528624904,0.469
-1.24466550880071e-06,0.343691664075724,-0.00437826176053469,0.47
-1.2518730908575e-06,0.343691484765104,-0.00439192565890847,0.471
-1.25909533896001e-06,0.343691305083395,-0.00440561357068225,0.472
-1.26631811495865e-06,0.343691125203851,-0.00441931233381975,0.473
-1.27352337320434e-06,0.343690945296892,-0.00443300904327786,0.474
-1.280694819549e-06,0.34369076553001,-0.00444669105569756,0.475
-1.28782287750102e-06,0.343690586067699,-0.00446034599073942,0.476
-1.29490662530477e-06,0.343690407071421,-0.0044739617295115,0.477
-1.3019516651574e-06,0.34369022869958,-0.0044875264106318,0.478
-1.30896478111294e-06,0.343690051107516,-0.00450102842449366,0.479
-1.3159478564207e-06,0.343689874447507,-0.00451445640628751,0.48
-1.32289401219841e-06,0.343689698868788,-0.00452779922831237,0.481
-1.32978795610969e-06,0.343689524517564,-0.00454104599210882,0.482
-1.33661049805893e-06,0.343689351537031,-0.0045541860209486,0.483
-1.34334509875688e-06,0.343689180067393,-0.00456720885319902,0.484
-1.34998325059634e-06,0.343689010245868,-0.00458010423702185,0.485
-1.35652603046688e-06,0.343688842206678,-0.00459286212677123,0.486
-1.36298105895647e-06,0.343688676081039,-0.00460547268134626,0.487
-1.36935638446766e-06,0.34368851199712,-0.00461792626465798,0.488
-1.3756543171063e-06,0.343688350080002,-0.00463021344829439,0.489
-1.38186821552277e-06,0.343688190451614,-0.00464232501639928,0.49
-1.38798372778775e-06,0.343688033230656,-0.00465425197269872,0.491
-1.39398379518141e-06,0.343687878532511,-0.00466598554950858,0.492
-1.3998549423232e-06,0.343687726469141,-0.00467751721845126,0.493
-1.4055918403866e-06,0.343687577148971,-0.00468883870252759,0.494
-1.41119803779946e-06,0.343687430676775,-0.0046999419891484,0.495
-1.4166826078996e-06,0.343687287153555,-0.00471081934373104,0.496
-1.42205436096093e-06,0.343687146676419,-0.00472146332348572,0.497
-1.42731634163044e-06,0.343687009338463,-0.00473186679102932,0.498
-1.43246313564123e-06,0.343686875228654,-0.00474202292745869,0.499
-1.43748217881873e-06,0.343686744431729,-0.0047519252445021,0.5
-1.44235842162764e-06,0.343686617028096,-0.00476156759537227,0.501
-1.4470801791422e-06,0.343686493093754,-0.00477094418398716,0.502
-1.45164346236227e-06,0.343686372700229,-0.00478004957230484,0.503
-1.45605278009051e-06,0.34368625591453,-0.00478887868561822,0.504
-1.46031801909491e-06,0.343686142799116,-0.00479742681574831,0.505
-1.46444883171272e-06,0.343686033411884,-0.00480568962214296,0.506
-1.46844914862789e-06,0.343685927806177,-0.00481366313093306,0.507
-1.47231441716749e-06,0.3436858260308,-0.00482134373203404,0.508
-1.47603291379506e-06,0.343685728130063,-0.00482872817442277,0.509
-1.4795905543531e-06,0.343685634143829,-0.00483581355977211,0.51
-1.4829769365592e-06,0.343685544107581,-0.00484259733468049,0.511
-1.48618972388411e-06,0.343685458052502,-0.00484907728177774,0.512
-1.48923524885694e-06,0.34368537600555,-0.00485525151001401,0.513
-1.49212502685009e-06,0.343685297989555,-0.00486111844444425,0.514
-1.49486985256175e-06,0.343685224023306,-0.0048666768158137,0.515
-1.49747432752035e-06,0.343685154121648,-0.00487192565023583,0.516
-1.49993445568342e-06,0.343685088295569,-0.00487686425923354,0.517
-1.50223944962448e-06,0.343685026552296,-0.0048814922303828,0.518
-1.50437684973832e-06,0.343684968895375,-0.00488580941875381,0.519
-1.50633847268091e-06,0.343684915324753,-0.00488981593929153,0.52
-1.50812433611245e-06,0.34368486583685,-0.0048935121602243,0.521
-1.5097427124363e-06,0.343684820424623,-0.00489689869754496,0.522
-1.51120633527382e-06,0.343684779077625,-0.00489997641057463,0.523
-1.51252660756842e-06,0.343684741782055,-0.00490274639858946,0.524
-1.51370857498956e-06,0.343684708520804,-0.00490520999845494,0.525
-1.51474902296771e-06,0.343684679273495,-0.00490736878316608,0.526
-1.51563855117587e-06,0.34368465401651,-0.00490922456113867,0.527
-1.51636660222017e-06,0.343684632723025,-0.00491077937605123,0.528
-1.51692705211293e-06,0.343684615363038,-0.00491203550701107,0.529
-1.51732173473554e-06,0.343684601903392,-0.00491299546881694,0.53
-1.51756026305398e-06,0.343684592307811,-0.00491366201210953,0.531
-1.51765625342356e-06,0.343684586536927,-0.0049140381232266,0.532
-1.51762174185366e-06,0.343684584548319,-0.00491412702359986,0.533
-1.51746242186264e-06,0.343684586296554,-0.0049139321685421,0.534
-1.51717594243833e-06,0.343684591733233,-0.00491345724528002,0.535
-1.51675406272746e-06,0.343684600807044,-0.00491270617010116,0.536
-1.51618764009148e-06,0.343684613463829,-0.00491168308451003,0.537
-1.51547208574132e-06,0.343684629646653,-0.00491039235032831,0.538
-1.51461069574954e-06,0.343684649295887,-0.00490883854372217,0.539
-1.51361427021174e-06,0.343684672349295,-0.00490702644818697,0.54
-1.51249719896873e-06,0.343684698742129,-0.00490496104655858,0.541
-1.51127187881138e-06,0.343684728407238,-0.00490264751215053,0.542
-1.50994412520119e-06,0.343684761275171,-0.00490009119913611,0.543
-1.50851176431134e-06,0.3436847972743,-0.00489729763230899,0.544
-1.50696706560121e-06,0.343684836330933,-0.00489427249636512,0.545
-1.50530183551199e-06,0.343684878369441,-0.00489102162485404,0.546
-1.50351272534304e-06,0.343684923312382,-0.00488755098895071,0.547
-1.50160421834017e-06,0.343684971080626,-0.00488386668619966,0.548
-1.49958788766048e-06,0.343685021593477,-0.00487997492938388,0.549
-1.49747830803372e-06,0.343685074768802,-0.00487588203566768,0.55
-1.49528759548301e-06,0.343685130523142,-0.00487159441615438,0.551
-1.49302118311503e-06,0.343685188771836,-0.0048671185659812,0.552
-1.49067682649745e-06,0.343685249429127,-0.00486246105504391,0.553
-1.48824727822624e-06,0.343685312408268,-0.00485762851940685,0.554
-1.48572532798919e-06,0.343685377621627,-0.00485262765341654,0.555
-1.4831087994208e-06,0.343685444980776,-0.00484746520250703,0.556
-1.48040314134299e-06,0.343685514396586,-0.00484214795666688,0.557
-1.47762041129995e-06,0.34368558577931,-0.00483668274452833,0.558
-1.47477516319285e-06,0.343685659038661,-0.00483107642803277,0.559
-1.47187920578391e-06,0.343685734083893,-0.00482533589761633,0.56
-1.46893771390499e-06,0.343685810823868,-0.00481946806784135,0.561
-1.46594851631731e-06,0.343685889167126,-0.00481347987337753,0.562
-1.46290487217678e-06,0.343685969021951,-0.00480737826521692,0.563
-1.45980039902635e-06,0.343686050296441,-0.00480117020699813,0.564
-1.45663380636455e-06,0.343686132898565,-0.00479486267131911,0.565
-1.4534111927956e-06,0.343686216736234,-0.00478846263593471,0.566
-1.45014482832622e-06,0.343686301717365,-0.00478197707975709,0.567
-1.44684901312821e-06,0.343686387749951,-0.00477541297859875,0.568
-1.44353498789857e-06,0.343686474742125,-0.00476877730061482,0.569
-1.44020731298299e-06,0.343686562602234,-0.00476207700141185,0.57
-1.4368634257329e-06,0.343686651238912,-0.00475531901879946,0.571
-1.43349656754332e-06,0.343686740561156,-0.00474851026716954,0.572
-1.43010066886823e-06,0.343686830478401,-0.00474165763150139,0.573
-1.42667485664596e-06,0.343686920900605,-0.00473476796100845,0.574
-1.42322544186686e-06,0.343687011738327,-0.00472784806246387,0.575
-1.41976445790366e-06,0.34368710290281,-0.0047209046932637,0.576
-1.41630546828944e-06,0.34368719430607,-0.00471394455430545,0.577
-1.41285865686563e-06,0.343687285860973,-0.00470697428277093,0.578
-1.40942753906981e-06,0.343687377481325,-0.0047000004449056,0.579
-1.40600884318566e-06,0.343687469081949,-0.00469302952888115,0.58
-1.40259559070966e-06,0.343687560578769,-0.00468606793781752,0.581
-1.39918188553907e-06,0.343687651888889,-0.00467912198302979,0.582
-1.3957671246211e-06,0.343687742930665,-0.00467219787755811,0.583
-1.39235763891641e-06,0.343687833623781,-0.00466530173003643,0.584
-1.38896501079049e-06,0.343687923889313,-0.00465843953895587,0.585
-1.38560189571849e-06,0.343688013649797,-0.004651617187377,0.586
-1.38227734982186e-06,0.343688102829286,-0.00464484043813655,0.587
-1.37899387939481e-06,0.343688191353407,-0.00463811492957722,0.588
-1.37574759282153e-06,0.343688279149406,-0.00463144617180603,0.589
-1.37253135477847e-06,0.343688366146199,-0.00462483954346309,0.59
-1.36933942312446e-06,0.343688452274409,-0.00461830028896388,0.591
-1.36617136043804e-06,0.343688537466401,-0.00461183351616892,0.592
-1.36303337361346e-06,0.343688621656319,-0.0046054441944338,0.593
-1.35993646677427e-06,0.343688704780113,-0.00459913715299583,0.594
-1.35689230588309e-06,0.343688786775561,-0.00459291707965699,0.595
-1.35390877011715e-06,0.343688867582298,-0.00458678851972112,0.596
-1.35098729889868e-06,0.343688947141831,-0.00458075587513736,0.597
-1.34812327738268e-06,0.343689025397559,-0.0045748234037935,0.598
-1.34530925407526e-06,0.343689102294791,-0.00456899521889737,0.599
-1.34253944286151e-06,0.343689177780759,-0.00456327528838447,0.6
-1.33981336372584e-06,0.343689251804632,-0.00455766743429882,0.601
-1.33713690090008e-06,0.343689324317535,-0.00455217533210826,0.602
-1.33452029577952e-06,0.343689395272558,-0.00454680250993303,0.603
-1.33197405076753e-06,0.343689464624773,-0.00454155234768207,0.604
-1.32950470448308e-06,0.343689532331243,-0.0045364280761027,0.605
-1.32711248421346e-06,0.343689598351042,-0.00453143277575407,0.606
-1.32479193378598e-06,0.343689662645262,-0.00452656937591569,0.607
-1.32253519330102e-06,0.343689725177026,-0.00452184065344212,0.608
-1.32033635135645e-06,0.343689785911506,-0.00451724923157679,0.609
-1.31819479562738e-06,0.343689844815928,-0.00451279757874458,0.61
-1.31611598193536e-06,0.343689901859584,-0.00450848800735372,0.611
-1.31410928123413e-06,0.343689957013845,-0.00450432267264887,0.612
-1.31218395290824e-06,0.343690010252165,-0.00450030357166612,0.613
-1.31034517108394e-06,0.343690061550087,-0.00449643254234224,0.614
-1.30859198698085e-06,0.34369011088525,-0.00449271126282464,0.615
-1.30691817473513e-06,0.343690158237385,-0.00448914125101686,0.616
-1.30531553292492e-06,0.343690203588318,-0.00448572386438135,0.617
-1.30377805499231e-06,0.343690246921965,-0.00448246030001147,0.618
-1.30230498549275e-06,0.343690288224322,-0.00447935159498012,0.619
-1.30090132561452e-06,0.343690327483459,-0.00447639862697324,0.62
-1.2995755727972e-06,0.343690364689503,-0.00447360211521855,0.621
-1.29833579098626e-06,0.343690399834627,-0.00447096262171989,0.622
-1.29718588843455e-06,0.343690432913025,-0.00446848055280162,0.623
-1.29612386455026e-06,0.343690463920893,-0.00446615616095636,0.624
-1.29514283883943e-06,0.343690492856405,-0.00446398954697531,0.625
-1.29423434995106e-06,0.343690519719681,-0.00446198066232753,0.626
-1.2933923419758e-06,0.343690544512765,-0.00446012931174773,0.627
-1.29261594351342e-06,0.343690567239586,-0.00445843515599134,0.628
-1.29190973377198e-06,0.343690587905928,-0.00445689771472137,0.629
-1.29128139242796e-06,0.343690606519395,-0.00445551636949925,0.63
-1.29073787095718e-06,0.343690623089374,-0.00445429036685761,0.631
-1.29028191393094e-06,0.343690637627001,-0.00445321882143558,0.632
-1.28991057649823e-06,0.34369065014512,-0.00445230071915438,0.633
-1.28961642297039e-06,0.343690660658243,-0.00445153492040699,0.634
-1.28939081393884e-06,0.343690669182516,-0.00445092016323222,0.635
-1.28922770453457e-06,0.343690675735679,-0.00445045506644521,0.636
-1.28912614881452e-06,0.343690680337024,-0.00445013813270311,0.637
-1.28909033580336e-06,0.343690683007358,-0.00444996775149608,0.638
-1.28912716424024e-06,0.343690683768966,-0.0044499422020665,0.639
-1.28924252988904e-06,0.343690682645572,-0.00445005965626909,0.64
-1.28943809815556e-06,0.343690679662296,-0.00445031818138943,0.641
-1.2897100873529e-06,0.343690674845622,-0.00445071574293738,0.642
-1.29005062002049e-06,0.343690668223354,-0.00445125020742707,0.643
-1.29045097731023e-06,0.343690659824581,-0.00445191934515081,0.644
-1.29090519649245e-06,0.343690649679634,-0.00445272083295256,0.645
-1.29141230480524e-06,0.34369063782005,-0.0044536522570098,0.646
-1.29197614605507e-06,0.343690624278528,-0.00445471111563946,0.647
-1.29260290713373e-06,0.343690609088892,-0.00445589482215025,0.648
-1.29329753994596e-06,0.34369059228605,-0.00445720070776755,0.649
-1.29406078539915e-06,0.343690573905948,-0.00445862602465452,0.65
-1.29488820391491e-06,0.34369055398553,-0.00446016794904574,0.651
-1.29577165268473e-06,0.343690532562693,-0.00446182358449881,0.652
-1.29670248680616e-06,0.343690509676243,-0.0044635899652596,0.653
-1.29767495219561e-06,0.343690485365845,-0.00446546405973103,0.654
-1.29868816246094e-06,0.343690459671983,-0.00446744277403477,0.655
-1.29974573836913e-06,0.343690432635906,-0.00446952295565843,0.656
-1.30085330462272e-06,0.343690404299585,-0.00447170139718493,0.657
-1.30201505158941e-06,0.34369037470566,-0.00447397484010226,0.658
-1.30323100063453e-06,0.343690343897391,-0.00447633997868885,0.659
-1.30449626226104e-06,0.343690311918613,-0.00447879346396297,0.66
-1.30580261949044e-06,0.343690278813678,-0.00448133190767595,0.661
-1.30714166403162e-06,0.34369024462741,-0.00448395188632252,0.662
-1.3085079847554e-06,0.343690209405056,-0.00448664994513943,0.663
-1.30990089810863e-06,0.343690173192229,-0.00448942260206678,0.664
-1.31132391597259e-06,0.343690136034868,-0.00449226635165391,0.665
-1.31278222649184e-06,0.343690097979181,-0.00449517766889957,0.666
-1.31427940201932e-06,0.343690059071603,-0.00449815301302185,0.667
-1.31581490216785e-06,0.343690019358745,-0.00450118883115493,0.668
-1.31738354728416e-06,0.343689978887346,-0.00450428156196696,0.669
-1.31897719217323e-06,0.343689937704234,-0.00450742763918935,0.67
-1.32058778528086e-06,0.343689895856272,-0.0045106234950445,0.671
-1.3222103507419e-06,0.343689853390322,-0.00451386556356027,0.672
-1.32384448246882e-06,0.343689810353199,-0.00451715028376475,0.673
-1.32549365893054e-06,0.343689766791631,-0.00452047410276355,0.674
-1.32716272663589e-06,0.343689722752215,-0.00452383347871017,0.675
-1.32885476394717e-06,0.343689678281382,-0.00452722488368523,0.676
-1.33056881758001e-06,0.343689633425357,-0.00453064480650089,0.677
-1.33229957523393e-06,0.34368958823012,-0.00453408975544241,0.678
-1.3340391098612e-06,0.34368954274137,-0.00453755626095273,0.679
-1.33577984876738e-06,0.343689497004489,-0.00454104087826104,0.68
-1.33751734970993e-06,0.343689451064507,-0.00454454018995442,0.681
-1.33925157242485e-06,0.343689404966065,-0.00454805080849471,0.682
-1.34098606011389e-06,0.343689358753385,-0.00455156937868764,0.683
-1.34272544108066e-06,0.343689312470232,-0.00455509258011595,0.684
-1.34447245170452e-06,0.343689266159885,-0.0045586171295503,0.685
-1.34622589594055e-06,0.343689219865104,-0.00456213978334813,0.686
-1.34798049825531e-06,0.343689173628094,-0.00456565733984461,0.687
-1.34972870036054e-06,0.34368912749048,-0.00456916664173127,0.688
-1.35146353120686e-06,0.34368908149327,-0.00457266457841168,0.689
-1.35318118063718e-06,0.343689035676833,-0.00457614808832157,0.69
-1.35488206177657e-06,0.343688990080858,-0.00457961416120218,0.691
-1.35656987556346e-06,0.343688944744338,-0.00458305984032093,0.692
-1.35824914190382e-06,0.343688899705531,-0.00458648222463782,0.693
-1.3599223830374e-06,0.343688855001942,-0.00458987847091807,0.694
-1.36158829678951e-06,0.343688810670291,-0.0045932457957898,0.695
-1.36324177444139e-06,0.343688766746488,-0.00459658147774028,0.696
-1.36487573542357e-06,0.343688723265614,-0.00459988285903887,0.697
-1.36648389109006e-06,0.343688680261893,-0.00460314734757063,0.698
-1.36806311943843e-06,0.343688637768669,-0.00460637241856521,0.699
-1.3696143309899e-06,0.343688595818391,-0.00460955561620975,0.7
-1.37114143244232e-06,0.343688554442589,-0.00461269455514143,0.701
-1.3726488995111e-06,0.343688513671859,-0.00461578692182209,0.702
-1.37413912325288e-06,0.343688473535843,-0.00461883047580063,0.703
-1.37561078876158e-06,0.343688434063218,-0.004621823050869,0.704
-1.37705904273654e-06,0.343688395281677,-0.00462476255611379,0.705
-1.37847735139534e-06,0.343688357217922,-0.00462764697686126,0.706
-1.37986015114586e-06,0.343688319897646,-0.00463047437551066,0.707
-1.38120502896888e-06,0.343688283345529,-0.00463324289225196,0.708
-1.38251340583302e-06,0.343688247585225,-0.00463595074566823,0.709
-1.38378941619228e-06,0.343688212639357,-0.00463859623322935,0.71
-1.38503753375245e-06,0.343688178529508,-0.00464117773168921,0.711
-1.38626008104855e-06,0.343688145276217,-0.00464369369740066,0.712
-1.38745580291849e-06,0.343688112898978,-0.00464614266656088,0.713
-1.38862016752009e-06,0.343688081416229,-0.00464852325539454,0.714
-1.38974723365817e-06,0.343688050845356,-0.00465083416027676,0.715
-1.39083218364048e-06,0.34368802120269,-0.00465307415779359,0.716
-1.39187331574269e-06,0.343687992503504,-0.00465524210473746,0.717
-1.39287255929628e-06,0.343687964762018,-0.00465733693803773,0.718
-1.39383428485463e-06,0.343687937991392,-0.0046593576746311,0.719
-1.39476299125091e-06,0.343687912203739,-0.00466130341128028,0.72
-1.39566097648493e-06,0.343687887410116,-0.00466317332435008,0.721
-1.39652709484472e-06,0.343687863620537,-0.00466496666954697,0.722
-1.39735717644426e-06,0.34368784084397,-0.00466668278162288,0.723
-1.39814589223179e-06,0.343687819088346,-0.0046683210740381,0.724
-1.39888916581318e-06,0.343687798360562,-0.00466988103857423,0.725
-1.39958598455591e-06,0.343687778666488,-0.00467136224488841,0.726
-1.40023875940003e-06,0.343687760010977,-0.00467276434000283,0.727
-1.40085207901461e-06,0.343687742397866,-0.00467408704772896,0.728
-1.40143046547742e-06,0.343687725829992,-0.00467533016802961,0.729
-1.40197620438924e-06,0.343687710309197,-0.00467649357632374,0.73
-1.40248827514905e-06,0.343687695836339,-0.00467757722273668,0.731
-1.40296287506423e-06,0.343687682411305,-0.00467858113129439,0.732
-1.40339527125086e-06,0.34368767003302,-0.00467950539905593,0.733
-1.40378208895173e-06,0.34368765869946,-0.00468035019517623,0.734
-1.40412294836068e-06,0.34368764840767,-0.00468111575989237,0.735
-1.40442068248128e-06,0.343687639153772,-0.00468180240343098,0.736
-1.40468004853158e-06,0.343687630932982,-0.00468241050483997,0.737
-1.40490555915072e-06,0.343687623739631,-0.00468294051075232,0.738
-1.40509946907854e-06,0.343687617567172,-0.00468339293409143,0.739
-1.40526086778056e-06,0.343687612408208,-0.00468376835272568,0.74
-1.40538629456003e-06,0.343687608254503,-0.00468406740807604,0.741
-1.40547156770436e-06,0.343687605097001,-0.0046842908036763,0.742
-1.4055139483157e-06,0.343687602925848,-0.00468443930368363,0.743
-1.4055136110321e-06,0.343687601730411,-0.00468451373133817,0.744
-1.4054737333239e-06,0.343687601499297,-0.00468451496737393,0.745
-1.40539917633934e-06,0.343687602220373,-0.00468444394838836,0.746
-1.40529439689122e-06,0.343687603880792,-0.00468430166518107,0.747
-1.40516158669047e-06,0.343687606467009,-0.00468408916107278,0.748
-1.40499991617915e-06,0.343687609964804,-0.00468380753021306,0.749
-1.40480622784337e-06,0.343687614359307,-0.00468345791588038,0.75
-1.40457683427546e-06,0.343687619635019,-0.00468304150877361,0.751
-1.40430955752531e-06,0.343687625775831,-0.0046825595452915,0.752
-1.40400504190025e-06,0.343687632765051,-0.00468201330579708,0.753
-1.40366672702959e-06,0.343687640585427,-0.00468140411286714,0.754
-1.40329950872008e-06,0.343687649219166,-0.00468073332953092,0.755
-1.40290773554595e-06,0.34368765864796,-0.0046800023575048,0.756
-1.40249349597437e-06,0.34368766885301,-0.00467921263542999,0.757
-1.40205600252842e-06,0.343687679815047,-0.00467836563711714,0.758
-1.40159235137044e-06,0.343687691514358,-0.00467746286979749,0.759
-1.40109928190444e-06,0.343687703930805,-0.00467650587237598,0.76
-1.40057509224561e-06,0.343687717043853,-0.00467549621367961,0.761
-1.40002080230917e-06,0.343687730832592,-0.0046744354906957,0.762
-1.39944002252108e-06,0.343687745275759,-0.00467332532679811,0.763
-1.39883760458282e-06,0.343687760351764,-0.00467216736996385,0.764
-1.39821772592085e-06,0.34368777603871,-0.00467096329098552,0.765
-1.39758231984839e-06,0.343687792314422,-0.00466971478168543,0.766
-1.39693058950789e-06,0.343687809156467,-0.0046684235531352,0.767
-1.39625982261405e-06,0.343687826542176,-0.00466709133388035,0.768
-1.39556710630754e-06,0.343687844448674,-0.00466571986816666,0.769
-1.39485112032401e-06,0.343687862852895,-0.00466431091416331,0.77
-1.39411315908674e-06,0.343687881731612,-0.0046628662421799,0.771
-1.3933569077684e-06,0.343687901061458,-0.0046613876328779,0.772
-1.39258709212418e-06,0.343687920818949,-0.00465987687548171,0.773
-1.39180765315489e-06,0.343687940980509,-0.0046583357659969,0.774
-1.39102031489603e-06,0.343687961522491,-0.00465676610544402,0.775
-1.39022421772703e-06,0.343687982421199,-0.00465516969811318,0.776
-1.38941677796039e-06,0.343688003652914,-0.00465354834984153,0.777
-1.3885953527055e-06,0.343688025193916,-0.00465190386631175,0.778
-1.38775891304146e-06,0.3436880470205,-0.00465023805136888,0.779
-1.38690893379918e-06,0.343688069109006,-0.00464855270535386,0.78
-1.38604908785558e-06,0.343688091435835,-0.00464684962345568,0.781
-1.38518390294292e-06,0.343688113977472,-0.0046451305940874,0.782
-1.38431702777137e-06,0.343688136710508,-0.00464339739729353,0.783
-1.38344993154398e-06,0.343688159611656,-0.00464165180319597,0.784
-1.38258164647727e-06,0.343688182657778,-0.00463989557048242,0.785
-1.38170966268257e-06,0.343688205825895,-0.00463813044493756,0.786
-1.38083153858623e-06,0.343688229093216,-0.00463635815801361,0.787
-1.37994645677955e-06,0.343688252437149,-0.00463458042543572,0.788
-1.37905598992554e-06,0.343688275835322,-0.00463279894583892,0.789
-1.37816372341169e-06,0.343688299265601,-0.0046310153994362,0.79
-1.37727392612924e-06,0.343688322706107,-0.00462923144672114,0.791
-1.37638990862963e-06,0.343688346135231,-0.00462744872720985,0.792
-1.37551284830732e-06,0.343688369531653,-0.00462566885822665,0.793
-1.37464163137757e-06,0.343688392874354,-0.00462389343373539,0.794
-1.37377377426508e-06,0.343688416142635,-0.00462212402321437,0.795
-1.37290697593264e-06,0.343688439316129,-0.00462036217057009,0.796
-1.37204055959229e-06,0.343688462374816,-0.00461860939308415,0.797
-1.37117612318897e-06,0.343688485299037,-0.00461686718038954,0.798
-1.37031710008174e-06,0.343688508069508,-0.00461513699347565,0.799
-1.36946745009337e-06,0.343688530667329,-0.00461342026372483,0.8
-1.36863010969655e-06,0.343688553074001,-0.00461171839198531,0.801
-1.36780593665606e-06,0.343688575271436,-0.00461003274768486,0.802
-1.36699364210539e-06,0.343688597241968,-0.00460836466798712,0.803
-1.36619073045448e-06,0.343688618968362,-0.00460671545698918,0.804
-1.3653949908235e-06,0.343688640433829,-0.00460508638495664,0.805
-1.36460582829651e-06,0.34368866162203,-0.00460347868759181,0.806
-1.36382480734574e-06,0.34368868251709,-0.00460189356533253,0.807
-1.36305515958106e-06,0.343688703103603,-0.00460033218268247,0.808
-1.36230050050941e-06,0.343688723366645,-0.00459879566757663,0.809
-1.36156337107777e-06,0.343688743291775,-0.00459728511078774,0.81
-1.36084429540853e-06,0.343688762865049,-0.00459580156537828,0.811
-1.36014179402385e-06,0.343688782073023,-0.00459434604620026,0.812
-1.35945333502342e-06,0.343688800902759,-0.00459291952944192,0.813
-1.35877676249291e-06,0.34368881934183,-0.00459152295221759,0.814
-1.35811152123133e-06,0.34368883737833,-0.00459015721219668,0.815
-1.35745910116626e-06,0.34368885500087,-0.00458882316726953,0.816
-1.35682250047129e-06,0.343688872198588,-0.00458752163525053,0.817
-1.35620497264328e-06,0.343688888961153,-0.00458625339362168,0.818
-1.35560865817081e-06,0.343688905278763,-0.00458501917932111,0.819
-1.35503374893114e-06,0.34368892114215,-0.00458381968857998,0.82
-1.35447857402127e-06,0.343688936542582,-0.00458265557680858,0.821
-1.35394055560643e-06,0.343688951471864,-0.00458152745852898,0.822
-1.35341757273068e-06,0.343688965922338,-0.0045804359073498,0.823
-1.35290908364031e-06,0.343688979886882,-0.0045793814559776,0.824
-1.35241647896986e-06,0.343688993358912,-0.00457836459626194,0.825
-1.35194250791621e-06,0.34368900633238,-0.00457738577927315,0.826
-1.35149005956796e-06,0.343689018801772,-0.00457644541541516,0.827
-1.35106088303814e-06,0.343689030762105,-0.00457554387457647,0.828
-1.35065485210207e-06,0.34368904220893,-0.00457468148632152,0.829
-1.35027011554236e-06,0.343689053138323,-0.00457385854012216,0.83
-1.34990405175152e-06,0.343689063546885,-0.00457307528562628,0.831
-1.34955456697764e-06,0.343689073431735,-0.00457233193295832,0.832
-1.34922111961964e-06,0.343689082790513,-0.00457162865304684,0.833
-1.34890498975673e-06,0.343689091621368,-0.00457096557797591,0.834
-1.34860867551331e-06,0.343689099922955,-0.0045703428013601,0.835
-1.3483347119545e-06,0.343689107694433,-0.00456976037874536,0.836
-1.34808447765185e-06,0.343689114935457,-0.00456921832803916,0.837
-1.34785755321615e-06,0.343689121646169,-0.0045687166299723,0.838
-1.34765192855953e-06,0.3436891278272,-0.00456825522859237,0.839
-1.34746495102197e-06,0.343689133479654,-0.0045678340317863,0.84
-1.34729455763633e-06,0.343689138605105,-0.00456745291182762,0.841
-1.3471402059276e-06,0.343689143205591,-0.00456711170594429,0.842
-1.34700306705264e-06,0.343689147283606,-0.00456681021690463,0.843
-1.34688539887564e-06,0.343689150842086,-0.00456654821362196,0.844
-1.34678940511809e-06,0.343689153884411,-0.0045663254317803,0.845
-1.34671612598162e-06,0.343689156414387,-0.00456614157448488,0.846
-1.34666488431328e-06,0.343689158436243,-0.00456599631293941,0.847
-1.34663354263625e-06,0.34368915995462,-0.00456588928715027,0.848
-1.34661944014513e-06,0.343689160974559,-0.00456582010665474,0.849
-1.34662055898332e-06,0.343689161501497,-0.00456578835126887,0.85
-1.34663636611382e-06,0.34368916154125,-0.00456579357185094,0.851
-1.34666793697061e-06,0.343689161100009,-0.00456583529107796,0.852
-1.34671731115977e-06,0.343689160184327,-0.00456591300423531,0.853
-1.34678639397864e-06,0.343689158801106,-0.00456602618002168,0.854
-1.34687592842784e-06,0.343689156957592,-0.00456617426137198,0.855
-1.34698502285377e-06,0.343689154661357,-0.00456635666629956,0.856
-1.34711145103619e-06,0.343689151920295,-0.00456657278875704,0.857
-1.34725257394519e-06,0.343689148742605,-0.0045668219995122,0.858
-1.34740644041821e-06,0.343689145136782,-0.00456710364703441,0.859
-1.3475725447224e-06,0.343689141111603,-0.00456741705838694,0.86
-1.34775188730686e-06,0.343689136676121,-0.00456776154012281,0.861
-1.34794631852053e-06,0.343689131839647,-0.00456813637918387,0.862
-1.34815748413286e-06,0.343689126611739,-0.00456854084380516,0.863
-1.3483858758636e-06,0.343689121002196,-0.00456897418442648,0.864
-1.3486304345264e-06,0.343689115021036,-0.00456943563461281,0.865
-1.34888888694796e-06,0.343689108678493,-0.00456992441198211,0.866
-1.34915864895096e-06,0.343689101985001,-0.00457043971913752,0.867
-1.34943786121301e-06,0.343689094951181,-0.00457098074459947,0.868
-1.34972606718469e-06,0.343689087587829,-0.00457154666373385,0.869
-1.35002421722002e-06,0.343689079905906,-0.00457213663967428,0.87
-1.3503340051979e-06,0.343689071916526,-0.00457274982423887,0.871
-1.35065685923524e-06,0.343689063630939,-0.00457338535884354,0.872
-1.3509930677026e-06,0.343689055060525,-0.00457404237541465,0.873
-1.3513414520936e-06,0.343689046216779,-0.0045747199973023,0.874
-1.35169973501535e-06,0.343689037111299,-0.00457541734019338,0.875
-1.35206542136712e-06,0.343689027755775,-0.00457613351302175,0.876
-1.3524367704696e-06,0.343689018161976,-0.00457686761887168,0.877
-1.35281339896543e-06,0.343689008341739,-0.00457761875587129,0.878
-1.35319623424519e-06,0.343688998306957,-0.0045783860180745,0.879
-1.35358684834947e-06,0.343688988069569,-0.00457916849633233,0.88
-1.35398649464299e-06,0.343688977641546,-0.00457996527915583,0.881
-1.35439530614145e-06,0.34368896703488,-0.0045807754535732,0.882
-1.35481203252323e-06,0.343688956261575,-0.0045815981059823,0.883
-1.35523443385381e-06,0.343688945333635,-0.00458243232299784,0.884
-1.35566013737431e-06,0.34368893426305,-0.00458327719229026,0.885
-1.35608754723798e-06,0.343688923061791,-0.00458413180341277,0.886
-1.35651637695315e-06,0.343688911741792,-0.00458499524861331,0.887
-1.35694755767103e-06,0.343688900314947,-0.00458586662363019,0.888
-1.35738257327502e-06,0.343688888793094,-0.00458674502847208,0.889
-1.35782254341673e-06,0.343688877188007,-0.0045876295681845,0.89
-1.35826749088569e-06,0.343688865511386,-0.00458851935360501,0.891
-1.35871613740258e-06,0.343688853774849,-0.00458941350210817,0.892
-1.35916631817278e-06,0.343688841989918,-0.00459031113833904,0.893
-1.35961581213765e-06,0.343688830168014,-0.00459121139493252,0.894
-1.36006319089699e-06,0.343688818320444,-0.00459211341321499,0.895
-1.36050828519238e-06,0.343688806458395,-0.00459301634388528,0.896
-1.36095205329681e-06,0.343688794592925,-0.00459391934767405,0.897
-1.36139592077365e-06,0.343688782734952,-0.00459482159598244,0.898
-1.36184090996425e-06,0.343688770895248,-0.00459572227150214,0.899
-1.36228697309025e-06,0.343688759084432,-0.00459662056881936,0.9
-1.36273284172039e-06,0.34368874731296,-0.00459751569500349,0.901
-1.3631764576812e-06,0.343688735591116,-0.00459840687017974,0.902
-1.36361577503656e-06,0.34368872392901,-0.00459929332808317,0.903
-1.36404954997996e-06,0.343688712336566,-0.00460017431659124,0.904
-1.36447774576656e-06,0.343688700823517,-0.00460104909823238,0.905
-1.36490136611392e-06,0.343688689399401,-0.00460191695067038,0.906
-1.3653218027082e-06,0.34368867807355,-0.0046027771671656,0.907
-1.3657400109527e-06,0.343688666855087,-0.00460362905701582,0.908
-1.36615590547161e-06,0.34368865575292,-0.00460447194597905,0.909
-1.36656825839087e-06,0.343688644775738,-0.00460530517667945,0.91
-1.36697514253171e-06,0.343688633932003,-0.00460612810899585,0.911
-1.36737470374315e-06,0.343688623229946,-0.0046069401204305,0.912
-1.36776589369953e-06,0.343688612677565,-0.00460774060645573,0.913
-1.36814881756599e-06,0.343688602282616,-0.0046085289808364,0.914
-1.3685245369836e-06,0.343688592052614,-0.00460930467592819,0.915
-1.36889442801315e-06,0.343688581994825,-0.00461006714295319,0.916
-1.36925940269892e-06,0.343688572116265,-0.00461081585225536,0.917
-1.36961936363834e-06,0.343688562423697,-0.00461155029353824,0.918
-1.3699731464612e-06,0.343688552923626,-0.00461226997608605,0.919
-1.37031897160584e-06,0.343688543622299,-0.0046129744289674,0.92
-1.37065518595425e-06,0.343688534525699,-0.00461366320121961,0.921
-1.37098094059413e-06,0.343688525639546,-0.00461433586201124,0.922
-1.37129648536971e-06,0.343688516969295,-0.00461499200078107,0.923
-1.37160294570267e-06,0.343688508520132,-0.00461563122735381,0.924
-1.37190169331018e-06,0.343688500296975,-0.0046162531720337,0.925
-1.37219361292351e-06,0.343688492304472,-0.00461685748567908,0.926
-1.37247861261574e-06,0.343688484547,-0.00461744383975958,0.927
-1.3727556061221e-06,0.343688477028665,-0.00461801192639741,0.928
-1.37302296986673e-06,0.3436884697533,-0.00461856145839173,0.929
-1.37327925315724e-06,0.343688462724468,-0.00461909216922438,0.93
-1.3735238030769e-06,0.343688455945461,-0.00461960381304474,0.931
-1.37375700993687e-06,0.343688449419297,-0.00462009616463237,0.932
-1.37398006187982e-06,0.343688443148726,-0.0046205690193378,0.933
-1.37419433038862e-06,0.343688437136228,-0.00462102219300327,0.934
-1.3744006813219e-06,0.343688431384014,-0.00462145552186585,0.935
-1.37459903774541e-06,0.34368842589403,-0.00462186886244552,0.936
-1.37478839799802e-06,0.343688420667954,-0.0046222620914189,0.937
-1.37496729498502e-06,0.343688415707204,-0.00462263510547838,0.938
-1.37513447446266e-06,0.343688411012933,-0.00462298782117488,0.939
-1.37528946930155e-06,0.343688406586038,-0.00462332017474245,0.94
-1.37543279970451e-06,0.343688402427157,-0.00462363212190378,0.941
-1.37556570923933e-06,0.343688398536676,-0.00462392363765725,0.942
-1.37568956685303e-06,0.34368839491473,-0.00462419471604743,0.943
-1.37580522122844e-06,0.343688391561204,-0.00462444536992178,0.944
-1.37591261292482e-06,0.343688388475741,-0.00462467563067577,0.945
-1.3760108243415e-06,0.343688385657742,-0.0046248855479874,0.946
-1.37609853861035e-06,0.34368838310637,-0.00462507518954075,0.947
-1.37617468573553e-06,0.343688380820556,-0.00462524464073701,0.948
-1.37623896851275e-06,0.343688378798998,-0.00462539400439134,0.949
-1.37629202121073e-06,0.343688377040173,-0.00462552340041494,0.95
-1.37633513038517e-06,0.343688375542333,-0.00462563296548297,0.951
-1.37636965483098e-06,0.343688374303515,-0.00462572285269037,0.952
-1.37639642212661e-06,0.343688373321543,-0.00462579323119808,0.953
-1.37641538696044e-06,0.343688372594034,-0.00462584428587177,0.954
-1.3764257093865e-06,0.343688372118401,-0.00462587621691401,0.955
-1.37642621094592e-06,0.343688371891863,-0.00462588923948929,0.956
-1.37641598863829e-06,0.343688371911441,-0.00462588358334032,0.957
-1.37639489480813e-06,0.343688372173973,-0.0046258594923944,0.958
-1.37636365782122e-06,0.343688372676111,-0.00462581722435887,0.959
-1.37632359073459e-06,0.343688373414335,-0.00462575705030674,0.96
-1.37627603036543e-06,0.343688374384948,-0.00462567925425434,0.961
-1.37622177478202e-06,0.343688375584091,-0.00462558413273331,0.962
-1.37616078478083e-06,0.343688377007745,-0.0046254719943591,0.963
-1.37609228707178e-06,0.343688378651734,-0.00462534315939648,0.964
-1.37601522554074e-06,0.343688380511736,-0.00462519795932176,0.965
-1.37592884321901e-06,0.343688382583285,-0.00462503673637999,0.966
-1.37583311845965e-06,0.343688384861779,-0.00462485984313617,0.967
-1.3757288509725e-06,0.343688387342483,-0.00462466764201974,0.968
-1.37561736116155e-06,0.34368839002054,-0.00462446050486337,0.969
-1.37549994925917e-06,0.343688392890972,-0.00462423881243795,0.97
-1.37537737243442e-06,0.343688395948689,-0.00462400295398628,0.971
-1.37524958648144e-06,0.343688399188495,-0.00462375332675709,0.972
-1.37511587080386e-06,0.343688402605094,-0.0046234903355402,0.973
-1.37497527298832e-06,0.343688406193093,-0.00462321439220225,0.974
-1.37482715909992e-06,0.343688409947014,-0.00462292591522156,0.975
-1.37467160846127e-06,0.343688413861294,-0.00462262532922113,0.976
-1.37450946823509e-06,0.343688417930297,-0.00462231306449925,0.977
-1.37434204598578e-06,0.343688422148315,-0.00462198955655883,0.978
-1.37417058961199e-06,0.343688426509577,-0.00462165524563726,0.979
-1.37399580266824e-06,0.343688431008256,-0.00462131057623909,0.98
-1.37381762342184e-06,0.343688435638471,-0.00462095599667319,0.981
-1.37363536872519e-06,0.343688440394297,-0.00462059195859484,0.982
-1.37344817030442e-06,0.34368844526977,-0.00462021891655216,0.983
-1.37325549384544e-06,0.343688450258893,-0.00461983732753555,0.984
-1.37305749466252e-06,0.34368845535564,-0.00461944765052891,0.985
-1.37285504384136e-06,0.343688460553963,-0.00461905034606253,0.986
-1.37264941633864e-06,0.343688465847801,-0.00461864587576829,0.987
-1.37244179225091e-06,0.343688471231081,-0.00461823470193924,0.988
-1.37223280888704e-06,0.343688476697725,-0.00461781728709534,0.989
-1.37202237445464e-06,0.343688482241658,-0.00461739409355692,0.99
-1.37180982812111e-06,0.343688487856811,-0.0046169655830261,0.991
-1.37159436663976e-06,0.343688493537128,-0.00461653221617546,0.992
-1.37137553281072e-06,0.34368849927657,-0.00461609445224257,0.993
-1.37115353429065e-06,0.343688505069121,-0.00461565274862917,0.994
-1.37092924413746e-06,0.343688510908794,-0.0046152075605049,0.995
-1.37070388653511e-06,0.343688516789633,-0.00461475934041622,0.996
-1.37047855976306e-06,0.343688522705724,-0.00461430853790235,0.997
-1.37025382351671e-06,0.343688528651193,-0.00461385559911997,0.998
-1.37002954459345e-06,0.343688534620216,-0.0046134009664779,0.999
-1.36980507064836e-06,0.343688540607022,-0.00461294507828195,1
