-0.3773307954085,5.72252782725899,-4.53736197952839e-05
-0.374705833415972,5.72145348412273,-4.28477312930274e-05
-0.369539634767751,5.71799860173617,-3.45848901768129e-05
-0.364611269982969,5.71310668971028,-2.5813102876724e-05
-0.360431952352821,5.70792711504554,-2.02426145147171e-05
-0.356258462241111,5.7035616378215,-1.97385334378597e-05
-0.352541261629635,5.70013187942855,-2.5378945936398e-05
-0.349985867131609,5.69745790628829,-3.36545431799383e-05
-0.347728629856367,5.69587819308034,-3.82202858491494e-05
-0.345208031072864,5.6946673770293,-3.77866671244753e-05
-0.34289201495251,5.69251595116235,-3.63673840307388e-05
-0.340747126479718,5.68946828112366,-3.53562881015905e-05
-0.338317393468112,5.68626408761368,-3.21076826683993e-05
-0.335466674786617,5.68322536321283,-2.64207513075385e-05
-0.332509964267346,5.68038228370636,-2.202429616115e-05
-0.329927335954584,5.67791337584835,-2.1482842377028e-05
-0.327841849144271,5.67630387021331,-2.47974317841335e-05
-0.326422246202949,5.67556185429751,-3.20969491389464e-05
-0.32609315738177,5.67507973524213,-4.21888340827573e-05
-0.326613902007124,5.67483477167448,-4.93876229343193e-05
-0.327290162025821,5.67524893110143,-4.74416145536367e-05
-0.327964192177935,5.6761191676351,-3.66828956604907e-05
-0.328714735097645,5.6769663283479,-2.3763697970532e-05
-0.329361202006627,5.67770040520459,-1.5538903064399e-05
-0.329747802186726,5.67839932128359,-1.58521139825396e-05
-0.329988488982842,5.67896100332654,-2.52962734732923e-05
-0.330262948967913,5.67920247887784,-3.97923821061045e-05
-0.330439435956743,5.6792362258548,-5.10186647104948e-05
-0.330261046501308,5.67930869007865,-5.22369112814762e-05
-0.329861072078721,5.67925254756806,-4.37060103284976e-05
-0.329449764149442,5.67875896456611,-3.11704783273746e-05
-0.32882148823986,5.67789520829147,-2.09403953289206e-05
-0.327730647373014,5.67679445857465,-1.75378684994598e-05
-0.326224126837846,5.67535561649233,-2.2788854312485e-05
-0.324357226926837,5.67351558899258,-3.42212199778929e-05
-0.322052470270515,5.67138334231168,-4.57879902081272e-05
-0.319344871831179,5.6690070758905,-5.21843707255547e-05
-0.31649899903637,5.66625441194394,-5.19407881065951e-05
-0.313707864436244,5.66308248550529,-4.63941116025358e-05
-0.310856454265396,5.65974584231748,-3.79801720923945e-05
-0.307814862559924,5.65649869851828,-3.02604742352099e-05
-0.304679402104172,5.65335828720128,-2.71703968992052e-05
-0.301540865355781,5.65033273276869,-3.05109941683381e-05
-0.298394162924394,5.64750696273677,-3.8856408373457e-05
-0.295353726716938,5.64483402021167,-4.89935278361587e-05
-0.292624917062563,5.64217353447496,-5.72376612484594e-05
-0.290248336679279,5.63954804236495,-5.99263481433753e-05
-0.28808443287546,5.63715258966605,-5.51067596269451e-05
-0.286052687677139,5.63511148288817,-4.47403270151161e-05
-0.284213620921035,5.63339384142214,-3.41940995687841e-05
-0.282598405708553,5.63197998262504,-2.89500645982132e-05
-0.281172090571574,5.63089447123274,-3.17798960371392e-05
-0.279981491203602,5.63005821003729,-4.18142646258248e-05
-0.27910819103335,5.62933870241774,-5.46567088800472e-05
-0.278496467785106,5.62872660360568,-6.38847604789282e-05
-0.278015271452787,5.62827902826148,-6.45567404794023e-05
-0.27762380312944,5.62795931679707,-5.645756588947e-05
-0.277336066605903,5.62767629960128,-4.40680219857069e-05
-0.277095713297627,5.62741210422941,-3.36891638261893e-05
-0.276810591394895,5.62719025382773,-3.03763018441636e-05
-0.276463232375925,5.6269670117481,-3.5865984830895e-05
-0.276073957724749,5.626668557169,-4.76041558201956e-05
-0.275608971240411,5.62628324570401,-5.97889608623125e-05
-0.275037081903318,5.62580662345859,-6.65871428651648e-05
-0.274402322319535,5.62517052141838,-6.52782611295789e-05
-0.273737165358091,5.6243300841401,-5.71091796077403e-05
-0.27298127298094,5.62334496120788,-4.6179914812015e-05
-0.272059363149123,5.62230218848294,-3.76675798887022e-05
-0.270968773927212,5.6212287239954,-3.57067068479759e-05
-0.269745809334739,5.62012339227688,-4.13464042875283e-05
-0.268421528463621,5.61899898527172,-5.19842010678118e-05
-0.267058285143675,5.61784433930319,-6.28532531945714e-05
-0.265755885578539,5.61661642967467,-6.93076746842202e-05
-0.264564719861435,5.61532440267685,-6.86123789263836e-05
-0.263449679026174,5.61406295641612,-6.10581413192622e-05
-0.262371853107648,5.61292890190249,-5.01553748804251e-05
-0.261344623924311,5.61196336222161,-4.12133760992973e-05
-0.260398802562537,5.61118445580065,-3.86771108015037e-05
-0.259564203349448,5.61060411023013,-4.3913728978683e-05
-0.25889853353299,5.61019859937834,-5.46553884947579e-05
-0.258471545228105,5.60992391728645,-6.60016388018433e-05
-0.25830257188279,5.60977750023982,-7.25243828826279e-05
-0.258355884559017,5.60980263780285,-7.09163452886186e-05
-0.258599450448707,5.61003014602179,-6.18785300355101e-05
-0.259023547643859,5.61046009428809,-4.98551656883816e-05
-0.259608770748282,5.61109399103527,-4.0704671179064e-05
-0.260328643980323,5.61193296369395,-3.88132374282279e-05
-0.261182484303586,5.61294634564021,-4.5072197958158e-05
-0.262184637713039,5.6140838667078,-5.64250225405058e-05
-0.263327753876307,5.61531372671677,-6.72662682741173e-05
-0.264587929580981,5.61661918569704,-7.22536543732775e-05
-0.265950804887079,5.61797435886193,-6.90280101340263e-05
-0.267399508262275,5.61935768627097,-5.92517282786076e-05
-0.268890135659733,5.62077748128783,-4.76081956008885e-05
-0.270371140388047,5.62225364906522,-3.95422951596756e-05
-0.271819446693206,5.62378261605051,-3.87611496085194e-05
-0.27323831355303,5.62534005314363,-4.54838726722354e-05
-0.274637672762958,5.6269008701308,-5.63406271825388e-05
-0.276036471628003,5.62843730545657,-6.60771504122537e-05
-0.277462646336329,5.62991924119563,-7.0100343719018e-05
-0.278925934517989,5.63134117295714,-6.65333639371305e-05
-0.280402015932433,5.63273754450983,-5.69858365955352e-05
-0.281858181656602,5.63415653172178,-4.58365642557512e-05
-0.283284060174411,5.63562856444531,-3.82410166338881e-05
-0.284692235442165,5.63716459112436,-3.76732578110957e-05
-0.28610942900201,5.63876372144041,-4.42556605454996e-05
-0.287577594411169,5.64041115757899,-5.47376764756773e-05
-0.289143667643259,5.64208748715276,-6.40325437221323e-05
-0.290832549155269,5.64379461901851,-6.75539898577549e-05
-0.292637989563916,5.6455639067313,-6.33800789719061e-05
-0.294543108531212,5.64743485549546,-5.32524319336791e-05
-0.296538372328762,5.64943639279159,-4.17929548104182e-05
-0.298621129758415,5.65158654463298,-3.4251925056543e-05
-0.300796127669631,5.65389134771237,-3.39651555394066e-05
-0.30308200268004,5.65633811475699,-4.07780705894784e-05
-0.305504337585765,5.65890229714239,-5.11188101736122e-05
-0.308076846003121,5.66156632830855,-5.96840362090778e-05
-0.310795302739546,5.66432597551692,-6.2006241080464e-05
-0.313646304815834,5.6671820958881,-5.66487814943672e-05
-0.316610715772932,5.67013773528301,-4.58782962368892e-05
-0.319661435686925,5.67320088623454,-3.45060486272714e-05
-0.32277151578874,5.67637702333648,-2.75557554822522e-05
-0.325927760270003,5.67965626635075,-2.78891979868148e-05
-0.329131375875779,5.68301346903361,-3.48634882572809e-05
-0.332387930999344,5.68641897562213,-4.46584319406068e-05
-0.33570166373686,5.68984510347923,-5.21453253698383e-05
-0.339072836530866,5.69326958796759,-5.33608779459257e-05
-0.34249006116791,5.69668390799399,-4.73533407670703e-05
-0.345926386070343,5.70009769286833,-3.6567793316824e-05
-0.349350326113819,5.70352810332258,-2.56633760140582e-05
-0.352741969233585,5.70698400698272,-1.93162000663985e-05
-0.356098478714313,5.71046055448047,-2.00078323785428e-05
-0.359430664696432,5.71394254996932,-2.68589196067348e-05
-0.362758418051416,5.71740892290777,-3.60781797134396e-05
-0.366102527262937,5.72084074862835,-4.27782844228079e-05
-0.369472111269379,5.72423352234904,-4.32724420890787e-05
-0.372859132051125,5.72760226626002,-3.68000283046649e-05
-0.376246797877251,5.73097270894805,-2.58928958921594e-05
-0.379622051777563,5.73436829756706,-1.51795660581187e-05
-0.382981805565196,5.73780335656877,-9.17082078819668e-06
-0.386334631252479,5.7412807664099,-1.01042951361692e-05
-0.389700310363885,5.74479184320234,-1.68919547147525e-05
-0.393103231590351,5.74832241958174,-2.56501681446076e-05
-0.396560895362669,5.75186386337456,-3.15493242445203e-05
-0.400077366767834,5.75541924840738,-3.11216594640053e-05
-0.403645777964264,5.75900059425048,-2.39272455158524e-05
-0.407253731928275,5.7626232650118,-1.27548064861728e-05
-0.410887688957172,5.76630141764075,-2.25976937127794e-06
-0.414538530320034,5.77004234746081,3.27602028462939e-06
-0.418206782035182,5.77384127014565,1.97775641276572e-06
-0.421901598461568,5.77768241508411,-4.74893097183159e-06
-0.425633718359826,5.78154622152387,-1.2910537184275e-05
-0.429408921120757,5.78541614856297,-1.78551454796891e-05
-0.4332247294145,5.78928234281173,-1.65029951794087e-05
-0.437068715397216,5.7931437440748,-8.79439921739666e-06
-0.440919811204036,5.79700719255823,2.32160812555413e-06
-0.444755226914549,5.80088093321095,1.23175461260415e-05
-0.448559355583399,5.80476611326878,1.72430984718523e-05
-0.452327862983632,5.80865303931675,1.55906995664336e-05
-0.456065615016331,5.81252355066993,8.98915555404154e-06
-0.4597816267047,5.81635636076036,1.39935920897911e-06
-0.463482671931705,5.82013372579619,-2.78691275792785e-06
-0.467166865284699,5.82384810001913,-8.2605458472108e-07
-0.47082151734603,5.82750446614109,7.09748954302992e-06
-0.474428097387293,5.83111550299213,1.79782255668874e-05
-0.477970714107156,5.8346931497504,2.74284841349921e-05
-0.481442310595935,5.8382423451743,3.17687288998121e-05
-0.484846580415247,5.84175895521112,2.97705771340133e-05
-0.488196056038391,5.84523147822102,2.32216827958824e-05
-0.491506402785173,5.84864651488694,1.60562521866004e-05
-0.494788767461416,5.85199616609229,1.24762475308543e-05
-0.498044936967737,5.85528262710041,1.49545949566891e-05
-0.501268251703499,5.85851704242532,2.3066243035556e-05
-0.504448392335972,5.86171448051963,3.37060123207455e-05
-0.507576800642748,5.86488824730584,4.258637699527e-05
-0.510651190616253,5.86804509228262,4.62880671789943e-05
-0.513677706599149,5.87118277196838,4.38788927421318e-05
-0.516668852716301,5.87429186207795,3.73369322917851e-05
-0.519637816966161,5.87736121878322,3.05872479177688e-05
-0.522592748259164,5.88038356332236,2.76173322406527e-05
-0.525533790828934,5.88335839698427,3.05761009975517e-05
-0.528453196519713,5.88629190556065,3.87673966409331e-05
-0.531338235707129,5.88919410604505,4.90095326082884e-05
-0.534176468408641,5.89207365805484,5.71711034027161e-05
-0.536961093559556,5.89493260807337,6.01398407091724e-05
-0.539693117575483,5.89776431571107,5.72888290677781e-05
-0.54237929395662,5.90055562129535,5.07497994318082e-05
-0.545027510034976,5.9032916042251,4.43731889667845e-05
-0.54764177228066,5.90596079299439,4.18827175966832e-05
-0.550218584187389,5.90855902287081,4.51111761093316e-05
-0.552746642429804,5.9110899960869,5.31514494183677e-05
-0.555210661432658,5.91356170998694,6.28118943169183e-05
-0.557597366314232,5.91598068126699,7.01481712605839e-05
-0.559900233919747,5.91834736121715,7.23389589578765e-05
-0.562120889187074,5.9206548348878,6.9013499286667e-05
-0.56426701795347,5.92289096391843,6.24047962037846e-05
-0.566347705889571,5.92504308477144,5.62671566009808e-05
-0.568368135469725,5.92710334436306,5.40834222219882e-05
-0.570326439110004,5.92907188166568,5.74161082541716e-05
-0.572214502007314,5.93095605425118,6.51812533511138e-05
-0.574021962843697,5.93276643703697,7.41836451968226e-05
-0.575741083518795,5.93451189671183,8.0651356226378e-05
-0.57737037934068,5.93619584339765,8.20318812589593e-05
-0.578915600536366,5.93781508109221,7.81932010844453e-05
-0.580387453874731,5.93936189117832,7.14650909257358e-05
-0.581796995310332,5.94082844735556,6.55116022959273e-05
-0.583151096313836,5.94221118764909,6.3579124180529e-05
-0.584450197500527,5.94351294229214,6.69573341425338e-05
-0.585689039637577,5.94474211687905,7.43841176292164e-05
-0.586859791115274,5.94590948934932,8.26694168329509e-05
-0.587956295837205,5.94702387802392,8.82287015966389e-05
-0.588977566613309,5.94808854714958,8.8787953952493e-05
-0.589928693356403,5.94910018585926,8.44497150314235e-05
-0.59081867769818,5.95005097022867,7.76208898470519e-05
-0.591656413256262,5.95093251897977,7.18472843630796e-05
-0.592446737635939,5.95173983779469,7.01191953668825e-05
-0.593188209253191,5.95247360024408,7.34585694403334e-05
-0.593873627753438,5.95313972993652,8.04549276758241e-05
-0.594493239584733,5.95374631569701,8.79589572387049e-05
-0.595039127649496,5.95429933255252,9.25926339932262e-05
-0.595508541372488,5.95479939392462,9.23525366317526e-05
-0.595904605651848,5.95524109838602,8.7545700851093e-05
-0.59623426176235,5.95561513737781,8.06207296099665e-05
-0.596504460296855,5.95591216727952,7.49855466664911e-05
-0.596718337415812,5.95612672938507,7.33828226549702e-05
-0.596873252298668,5.95625933978931,7.65969768991117e-05
-0.596961733272162,5.95631568470219,8.3101473512923e-05
-0.596974807826661,5.9563034164218,8.98046609318751e-05
-0.596905987928879,5.95622824983297,9.35307591632419e-05
-0.596754059246392,5.95609119767385,9.25267489005232e-05
-0.596523492191088,5.95588813401076,8.72799380432886e-05
-0.596222304962107,5.95561187787362,8.02652480719698e-05
-0.595858368984421,5.95525583374403,7.47526083382743e-05
-0.595435973906742,5.95481739276417,7.32487859512072e-05
-0.594954312666568,5.95429943882082,7.63159689623455e-05
-0.59440847951194,5.95370935194968,8.23243311429784e-05
-0.593792380652179,5.95305608405066,8.82472686298994e-05
-0.593102202390068,5.95234664034162,9.11114266222193e-05
-0.592338856059784,5.95158353977106,8.94066623554747e-05
-0.591508220265995,5.95076444445709,8.37876124527668e-05
-0.590619049148251,5.9498841150922,7.67414486642807e-05
-0.589679589627603,5.94893768004511,7.13898300996104e-05
-0.588694514677782,5.9479236326558,7.00022156160793e-05
-0.587663529310802,5.94684520262206,7.29289872063145e-05
-0.586582240840778,5.94570949405783,7.84559936188805e-05
-0.585444902326106,5.94452475582345,8.36393369118678e-05
-0.584247737948439,5.94329705213988,8.57139902523232e-05
-0.582991230384755,5.94202794352133,8.34026249796255e-05
-0.581680284735544,5.94071427251074,7.75055149502919e-05
-0.580322254115777,5.93935009301995,7.04995219346459e-05
-0.578923791538951,5.93792980508296,6.53468291777375e-05
-0.577487993374027,5.9364510456042,6.40865564119031e-05
-0.576013185650151,5.93491598173321,6.68788277616389e-05
-0.574493953871258,5.9333303865219,7.19491013258709e-05
-0.572923908716179,5.93170097509783,7.6449557216464e-05
-0.571298828507164,5.93003233448194,7.78199754537241e-05
-0.569618699318795,5.92832491568467,7.49981398949981e-05
-0.567887751139071,5.92657499866537,6.89077421242131e-05
-0.566112517159165,5.92477662574881,6.20002011707484e-05
-0.564298851740739,5.92292459275422,5.70774963938243e-05
-0.562449347527965,5.92101707236515,5.59612351896701e-05
-0.560562390408335,5.91905662840222,5.86401020335619e-05
-0.558633259693734,5.91704919363832,6.32947866982586e-05
-0.556656698045936,5.91500155858643,6.71795612353349e-05
-0.55462973155581,5.91291856835831,6.79336806588323e-05
-0.552553438388522,5.91080132274042,6.46964336802538e-05
-0.5504328497546,5.90864720803067,5.84994626450298e-05
-0.54827504460794,5.90645172473289,5.17581444474662e-05
-0.546086365306305,5.90421121111895,4.71126332240207e-05
-0.543870075704222,5.90192515757115,4.61747525394188e-05
-0.541625527730094,5.8995970436829,4.87757194588575e-05
-0.539349181926516,5.8972333340408,5.30658593167388e-05
-0.53703698203196,5.8948411071389,5.64097090842892e-05
-0.534686956946042,5.89242542437986,5.66435910930476e-05
-0.532300809279914,5.88998767584719,5.30958660274346e-05
-0.529883741845296,5.88752566563537,4.68891460316827e-05
-0.527442627758949,5.88503535736095,4.03891783963229e-05
-0.524983402219776,5.88251342805311,3.60708990828785e-05
-0.522508894030755,5.87995942641424,3.53453151059708e-05
-0.520018102205006,5.87737652582002,3.79033205044539e-05
-0.517507248253089,5.87477052117307,4.18814219517048e-05
-0.514972088550597,5.87214755853748,4.47617352194728e-05
-0.512410370767374,5.86951169318046,4.45719408635685e-05
-0.509823273210417,5.86686343280278,4.08136362067911e-05
-0.507215174492737,5.8641999320174,3.4682418646845e-05
-0.50459189129605,5.86151672465682,2.84833030728777e-05
-0.501958233299104,5.85881016808311,2.45272285998809e-05
-0.499316041763072,5.85607944389343,2.40369333676453e-05
-0.4966636406925,5.85332717905816,2.65801762322936e-05
-0.493996941469716,5.85055842438754,3.02929079037472e-05
-0.491311653309346,5.84777851075905,3.27780564421695e-05
-0.48860554987871,5.84499081320222,3.22468474092225e-05
-0.485879739982771,5.84219547188603,2.83594420559374e-05
-0.483138367225923,5.8393896593693,2.23700952710776e-05
-0.480386904097548,5.83656925306743,1.65157942829831e-05
-0.477629867644936,5.83373110853977,1.29462739616267e-05
-0.474869043101122,5.83087485738617,1.27072079803468e-05
-0.47210303820242,5.8280033995753,1.52575551857839e-05
-0.469328352087726,5.82512188484988,1.8743716518473e-05
-0.466541437662666,5.82223567924488,2.08921977355497e-05
-0.463740780368942,5.8193482771364,2.00910849524051e-05
-0.460928015215983,5.81646013673473,1.61460827795655e-05
-0.458107565465191,5.81356897206663,1.03567845003137e-05
-0.455284990612264,5.81067133932725,4.88472241770758e-06
-0.452464833566117,5.80776475045017,1.72043045743415e-06
-0.449648976164753,5.80484931424223,1.74316013223137e-06
-0.446836261473429,5.80192813878966,4.31739883258047e-06
-0.444023542628643,5.79900631435572,7.61109195232782e-06
-0.44120764562413,5.79608896553284,9.47668200441133e-06
-0.43838730575291,5.79317929790579,8.47147444878944e-06
-0.435564162469972,5.79027755563455,4.5327222218547e-06
-0.432742356221451,5.78738136334121,-1.00821055917546e-06
-0.429926933825823,5.78448727037197,-6.07177569698339e-06
-0.427121824203181,5.78159275637921,-8.82296715680017e-06
-0.424328340665516,5.77869774912544,-8.53699044807245e-06
-0.421544909300106,5.77580494516077,-5.9295880937122e-06
-0.418768135607012,5.77291879910252,-2.80177611595287e-06
-0.415994688315321,5.77004367865911,-1.17494787928786e-06
-0.413223104719183,5.76718206660535,-2.33152280665268e-06
-0.410454674652493,5.7643336542497,-6.21630492366154e-06
-0.407693004150756,5.76149574194229,-1.14777874130766e-05
-0.404942484069458,5.75866474466092,-1.61225452701773e-05
-0.402206401600134,5.75583808345858,-1.84659858434298e-05
-0.39948559105061,5.75301557146561,-1.79260772180843e-05
-0.396778252257329,5.75019965486912,-1.52861650057011e-05
-0.394081006657791,5.7473944165423,-1.23085485397837e-05
-0.391390681209136,5.74460382925409,-1.08891517430018e-05
-0.388705977125297,5.74183008874923,-1.21586563193565e-05
-0.386028243994617,5.73907280936156,-1.59561407657087e-05
-0.383361008453548,5.73632945040552,-2.09200539435606e-05
-0.380708496268336,5.73359675769804,-2.51463567099551e-05
-0.378073855700066,5.7308725302711,-2.70958139145467e-05
-0.375457919022363,5.72815687961063,-2.63181704957258e-05
-0.372859075125251,5.72545239710141,-2.36526111387741e-05
-0.37027429864896,5.72276316285306,-2.08157105158626e-05
-0.367700837523767,5.72009307300435,-1.95789757493425e-05
-0.365137755932406,5.71744427795311,-2.09299391463074e-05
-0.36258660684271,5.71481646241035,-2.46139568474161e-05
-0.360050927026119,5.71220729263842,-2.9269101577841e-05
-0.357534804563947,5.70961380376843,-3.30834217766299e-05
-0.355041200775378,5.70703406206808,-3.46574916547633e-05
-0.352570815934657,5.7044683157597,-3.36617425140958e-05
-0.35012202402497,5.70191909709998,-3.09799604432962e-05
-0.347691892594488,5.699390238537,-2.82770490949339e-05
-0.345277792552392,5.69688527812085,-2.72022684250957e-05
-0.342878832050205,5.69440601076842,-2.86091587044104e-05
-0.340496442235384,5.69195186344052,-3.21610194916211e-05
-0.338133850177553,5.68952037697993,-3.65040970677585e-05
-0.33579470054076,5.68710855462337,-3.99199194086502e-05
-0.333481485062912,5.68471443298482,-4.11425698769726e-05
-0.33119452166017,5.68233813478103,-3.99523318806621e-05
-0.328931956948335,5.67998191630951,-3.72674704127106e-05
-0.326690778610678,5.67764920202577,-3.46965900998265e-05
-0.324468350388473,5.67534307424355,-3.37696439455656e-05
-0.322263743946315,5.67306493552979,-3.52151433238473e-05
-0.320078246330473,5.67081397157475,-3.86249587048374e-05
-0.31791481647025,5.6685876589092,-4.26607404469975e-05
-0.315776760945161,5.66638306772963,-4.56979618509834e-05
-0.313666262752803,5.66419833940934,-4.65977858041732e-05
-0.311583457461088,5.66203364409051,-4.52401248298661e-05
-0.309526485048988,5.65989117640196,-4.25685402794926e-05
-0.307492482389442,5.65777420377451,-4.01314832469427e-05
-0.305479039824766,5.65568562618878,-3.93428108296655e-05
-0.303485432271584,5.65362673042593,-4.08146710335568e-05
-0.301513048929905,5.65159672244633,-4.40774513333648e-05
-0.299564829135311,5.64959324847104,-4.78146887310924e-05
-0.297643981183513,5.64761364781635,-5.04957538854208e-05
-0.29575259429863,5.64565633957248,-5.11023640295592e-05
-0.29389079681618,5.64372168901227,-4.96041959489365e-05
-0.292056849349993,5.64181195127497,-4.69616197418401e-05
-0.290248117351267,5.63993032825675,-4.46598549051114e-05
-0.288462454073118,5.63807959153894,-4.40004112582124e-05
-0.286699337283834,5.63626092310183,-4.54877908709815e-05
-0.284960226856155,5.63447351534945,-4.86003709223587e-05
-0.283247983195241,5.63271510854227,-5.20492733238946e-05
-0.281565630042976,5.63098320100136,-5.43970164360829e-05
-0.279915050444608,5.62927635415871,-5.4739118791599e-05
-0.278296229494517,5.62759497663629,-5.31255757159448e-05
-0.276707393079933,5.62594122405314,-5.05259764692038e-05
-0.275145966180475,5.62431807184347,-4.83601677715861e-05
-0.273609889946032,5.62272800679116,-4.78215598482301e-05
-0.272098673901175,5.62117195707478,-4.93155333562007e-05
-0.270613691762642,5.6196489613973,-5.22771472349932e-05
-0.269157590955469,5.61815672463935,-5.54498452887656e-05
-0.267733104498561,5.6166927889375,-5.74878944985546e-05
-0.266341831837153,5.61525576286566,-5.75938374493545e-05
-0.264983563162896,5.61384603074509,-5.58891172251835e-05
-0.263656459407011,5.61246561543608,-5.33457956444208e-05
-0.262357994176343,5.61111726974134,-5.13168733650782e-05
-0.261086206761507,5.60980323335927,-5.08920746228503e-05
-0.259840674131751,5.60852424471765,-5.23857832382318e-05
-0.258622748646187,5.60727927051418,-5.5197673798062e-05
-0.257434958764232,5.60606607283933,-5.81074919406742e-05
-0.256279864909104,5.60488233824463,-5.98594292948541e-05
-0.25515891547829,5.60372683178938,-5.97563394661181e-05
-0.254071841624078,5.60260003322309,-5.79827301775221e-05
-0.253016869817638,5.60150396190517,-5.55070610501088e-05
-0.251991643145632,5.60044128186727,-5.36145654450746e-05
-0.250994409732836,5.59941411613109,-5.32958850480347e-05
-0.250024915712556,5.59842313141635,-5.47822791607635e-05
-0.249084585451259,5.59746732073341,-5.7445394970999e-05
-0.248175911802152,5.59654457800611,-6.01046238989248e-05
-0.247301352540456,5.59565278358232,-6.15918654814467e-05
-0.246462255061469,5.59479087783896,-6.13036295093926e-05
-0.245658370272241,5.59395944280624,-5.94795978892217e-05
-0.244888224927377,5.59316048955195,-5.70792976766106e-05
-0.244150051534093,5.59239654470868,-5.53199443757432e-05
-0.243442761274411,5.59166957989398,-5.50975967260456e-05
-0.242766605735003,5.59098029229272,-5.65666049610996e-05
-0.242123271603369,5.59032798329923,-5.90749160198463e-05
-0.241515321619224,5.58971105935078,-6.1482175176409e-05
-0.2409452286306,5.58912793128824,-6.27055128406234e-05
-0.240414447177605,5.58857793131438,-6.22315344550178e-05
-0.239922929024612,5.58806183884622,-6.03522880630993e-05
-0.239469315804278,5.5875817216037,-5.80169776033836e-05
-0.239051729878412,5.58714013721378,-5.63746178394596e-05
-0.238668796217618,5.58673907898591,-5.62281109013923e-05
-0.238320427980034,5.58637915127756,-5.76591571293011e-05
-0.238007983586235,5.58605936273983,-5.99990302455336e-05
-0.237733682897614,5.58577765242544,-6.21542867669433e-05
-0.237499555938098,5.58553190122365,-6.31287166950806e-05
-0.237306435492078,5.58532093942214,-6.24925040664323e-05
-0.237153486344846,5.58514504958317,-6.05779509491937e-05
-0.237038502690162,5.58500570727292,-5.83130358745739e-05
-0.236958819292717,5.58490469710564,-5.67759878245697e-05
-0.236912391835227,5.58484304607376,-5.66845116232763e-05
-0.2368985279064,5.58482029405235,-5.80614036708313e-05
-0.236917914929713,5.58483445841382,-6.02321422595848e-05
-0.236971949190212,5.58488269960358,-6.21516498316841e-05
-0.237061719869753,5.58496234920183,-6.2902221973062e-05
-0.237187148203993,5.58507180695324,-6.21256244599338e-05
-0.237346686111546,5.58521089371936,-6.01860215205571e-05
-0.237537700648042,5.5853805175212,-5.79897294705107e-05
-0.237757346464039,5.58558183704072,-5.65507498902265e-05
-0.238003512590178,5.58581533018219,-5.65102505847386e-05
-0.238275406511468,5.58608020595909,-5.78377093336431e-05
-0.238573518776362,5.5863744248245,-5.98530778274987e-05
-0.238899007758,5.58669530120164,-6.15559288874616e-05
-0.239252801797042,5.58704040271207,-6.21023918726087e-05
-0.239634831447992,5.5874083361223,-6.12024823102562e-05
-0.240043742441516,5.58779906153783,-5.92507225239378e-05
-0.240477218674436,5.58821359203107,-5.7131401595933e-05
-0.24093276245226,5.58865321935453,-5.57945190988842e-05
-0.241408568181829,5.58911862400391,-5.58058133304884e-05
-0.241904080925312,5.58960928155567,-5.70840383528071e-05
-0.242419976106849,5.59012344018252,-5.89474066137857e-05
-0.242957564385321,5.59065867976625,-6.04433372309336e-05
-0.243517894832455,5.59121279038876,-6.0802034498567e-05
-0.244100978504503,5.59178455025824,-5.97979744174593e-05
-0.244705502535547,5.59237402565114,-5.7849702990598e-05
-0.245329169119492,5.59298224582482,-5.58141516806324e-05
-0.245969493378128,5.59361040714888,-5.45764948849023e-05
-0.246624674790192,5.59425898649842,-5.46318093808885e-05
-0.247294121873287,5.59492718790409,-5.58561542710125e-05
-0.247978378301109,5.59561298533577,-5.75727702675996e-05
-0.248678489809736,5.59631373558672,-5.88784884798032e-05
-0.249395122103013,5.59702706028276,-5.90730755345741e-05
-0.250127856360172,5.59775157112888,-5.79875805228412e-05
-0.2508749954627,5.59848709720375,-5.60578690933077e-05
-0.251633964188763,5.59923431810522,-5.41116482529137e-05
-0.252402104915841,5.59999398964222,-5.29729386326599e-05
-0.253177487814745,5.60076613784381,-5.30729447759014e-05
-0.25395935555877,5.60154960474524,-5.42510605171551e-05
-0.254748003999111,5.60234215482433,-5.58378141998684e-05
-0.255544169883356,5.60314108303853,-5.69772966621474e-05
-0.256348224482104,5.60394403338431,-5.70339243169078e-05
-0.257159554783119,5.60474964602246,-5.58903036571253e-05
-0.25797641938331,5.60555773754732,-5.39966719232098e-05
-0.258796341867874,5.6063689392045,-5.21514582149406e-05
-0.259616853803482,5.60718397018361,-5.1119871130769e-05
-0.260436238438286,5.6080028907586,-5.12727379025521e-05
-0.261253929649951,5.60882468503541,-5.24160817161594e-05
-0.262070384226861,5.60964736579748,-5.38897037074319e-05
-0.262886491253194,5.61046854943435,-5.48849120009774e-05
-0.263702797660803,5.61128622926572,-5.48285515035749e-05
-0.264518914592173,5.61209938222923,-5.36510324281012e-05
-0.265333383427252,5.61290812227406,-5.18131353773061e-05
-0.266144062085539,5.61371332848982,-5.00819102771199e-05
-0.266948845129215,5.6145159250633,-4.91646490499703e-05
-0.267746373423968,5.61531615446243,-4.93755982898273e-05
-0.268536395247762,5.61611318706377,-5.04924316704908e-05
-0.269319607340999,5.61690524941437,-5.18679178444408e-05
-0.270097052806064,5.61769020550043,-5.27408910665531e-05
-0.270869364200404,5.61846630934685,-5.25972189930161e-05
-0.27163621206764,5.61923276776994,-5.14097021988889e-05
-0.27239621761632,5.61998984665481,-4.964510393309e-05
-0.273147364555004,5.62073847475162,-4.80378234871093e-05
-0.273887707909877,5.62147953839914,-4.72399140636364e-05
-0.27461603968837,5.62221320494532,-4.75142062475534e-05
-0.275332196564332,5.6229385947824,-4.8614937359126e-05
-0.276036869267061,5.62365395236672,-4.99100158881691e-05
-0.276731011694929,5.62435722837815,-5.06842946678451e-05
-0.277415135244708,5.62504679296658,-5.04784571164968e-05
-0.278088823081114,5.62572194347619,-4.93030190849643e-05
-0.2787506904689,5.62638297221354,-4.7627837778971e-05
-0.279398804774784,5.6270307698306,-4.61547495390865e-05
-0.280031363025399,5.62766615815954,-4.54833257189585e-05
-0.280647306919051,5.62828927065789,-4.58289294874214e-05
-0.281246588888292,5.62889927200607,-4.69256557961865e-05
-0.281829970036738,5.62949454564471,-4.81578029253656e-05
-0.282398451295325,5.63007325730141,-4.88550204115673e-05
-0.282952609656372,5.6306340273089,-4.86097176580547e-05
-0.283492153202475,5.63117639570878,-4.74665029179423e-05
-0.284015903161243,5.63170086377712,-4.58957022271811e-05
-0.284522208426605,5.63220849642579,-4.45660874250639e-05
-0.285009593922319,5.63270027681062,-4.40266176399989e-05
-0.285477335215195,5.63317651967668,-4.44486415500868e-05
-0.285925688607407,5.63363661982153,-4.55495957935451e-05
-0.286355670264405,5.63407925169315,-4.67320227082864e-05
-0.286768491710828,5.63450292179209,-4.73696168114729e-05
-0.287164920918965,5.6349066088886,-4.71034081904049e-05
-0.287544871394034,5.6352901872288,-4.60080826706097e-05
-0.28790741090992,5.63565443327893,-4.45514789309333e-05
-0.288251180744039,5.63600061580551,-4.33689090689096e-05
-0.288575021782089,5.63632986653136,-4.29611267093471e-05
-0.28887850790564,5.63664263059279,-4.34594952217886e-05
-0.289162134148057,5.63693845514385,-4.45684330780448e-05
-0.289427073511419,5.63721621146851,-4.5710170773773e-05
-0.289674621754449,5.63747463960571,-4.63010209451056e-05
-0.289905595757506,5.6377129533816,-4.60271154967472e-05
-0.290119969683384,5.63793121874683,-4.49894024327537e-05
-0.290316917273314,5.63813032926886,-4.36509970805859e-05
-0.290495234974905,5.63831159510626,-4.26141219039915e-05
-0.290653941496566,5.63847614399032,-4.23340221456144e-05
-0.290792768967012,5.63862441898602,-4.2905724844465e-05
-0.290912315736026,5.63875600870882,-4.40234810720071e-05
-0.29101379325997,5.63886988622589,-4.51299786080994e-05
-0.291098491493939,5.63896493967732,-4.56825760785476e-05
-0.29116721819727,5.63904054189721,-4.54094081313087e-05
-0.291219976948979,5.63909689088978,-4.44345198656338e-05
-0.291256033473727,5.63913496377534,-4.32145016270798e-05
-0.291274335469534,5.63915611047602,-4.23188212478665e-05
-0.29127408493108,5.6391614828537,-4.21594886051401e-05
-0.291255192078085,5.63915157056547,-4.27983444245509e-05
-0.291218398392176,5.63912606189007,-4.39220526945264e-05
-0.291165014209842,5.63908409239425,-4.49945798217751e-05
-0.291096398568246,5.6390247606296,-4.55130004509867e-05
-0.29101342945548,5.63894766490906,-4.52445709708299e-05
-0.290916214829858,5.63885320731411,-4.43333394536425e-05
-0.29080417856253,5.63874252331616,-4.32275274060881e-05
-0.290676476812457,5.63861707364292,-4.24641473589495e-05
-0.29053254440967,5.63847809429532,-4.24142936272478e-05
-0.290372511190573,5.63832616571377,-4.31098593764749e-05
-0.290197292217766,5.63816110307969,-4.42325200134271e-05
-0.29000831200312,5.63798221570013,-4.52682232635643e-05
-0.289806996385775,5.63778880823515,-4.57522374738292e-05
-0.289594274167346,5.63758068344832,-4.5487955415539e-05
-0.289370323283902,5.6373584081009,-4.46364524623564e-05
-0.289134678021865,5.63712321830002,-4.3636066918301e-05
-0.28888664184762,5.6368766124397,-4.29920217748794e-05
-0.28862580671609,5.6366198269541,-4.30369910014013e-05
-0.288352431798306,5.63635344324446,-4.37760208726658e-05
-0.288067503918049,5.63607730935269,-4.48880228333364e-05
-0.287772454422844,5.63579080927167,-4.58812540000011e-05
-0.287468669719369,5.63549334842179,-4.63275174875756e-05
-0.287157028492731,5.63518482348316,-4.60635440782156e-05
-0.28683768340441,5.63486585492814,-4.52648517080471e-05
-0.286510187352514,5.6345376751157,-4.43587344506126e-05
-0.286173900826826,5.63420172852967,-4.38194007002657e-05
-0.285828485090797,5.63385917595161,-4.39434169184956e-05
-0.285474247651196,5.63351053762443,-4.47117351742768e-05
-0.285112178734438,5.63315564239757,-4.58024183959299e-05
-0.284743664998573,5.6327939037522,-4.67462426126349e-05
-0.284370019145933,5.63242478917529,-4.71499792347067e-05
-0.283992049554822,5.63204825947591,-4.68811055584154e-05
-0.283609872867242,5.63166497108436,-4.61271855080996e-05
-0.283223055670991,5.63127614837128,-4.53033897882227e-05
-0.282831015083448,5.63088318979069,-4.48536533100566e-05
-0.282433486428001,5.63048719670337,-4.50406433488346e-05
-0.282030836410125,5.63008864829913,-4.58238479722585e-05
-0.281624075412676,5.62968737466978,-4.68822881673982e-05
-0.281214566165741,5.62928283756236,-4.77693880843558e-05
-0.280803569529729,5.62887458275066,-4.8125286850133e-05
-0.280391843597789,5.62846264820557,-4.78456534929023e-05
-0.279979484767053,5.62804773538405,-4.71278193706544e-05
-0.279566082975201,5.62763106495755,-4.63739210372723e-05
-0.279151113990836,5.62721398826558,-4.59985043417853e-05
-0.278734380435303,5.6267975404114,-4.62325795601277e-05
-0.278316292246398,5.62638214642045,-4.70166880966093e-05
-0.277897855478576,5.6259676171894,-4.803240273903e-05
-0.277480377599913,5.62555343349998,-4.88557280019317e-05
-0.277065031276687,5.62513918032211,-4.91585089943865e-05
-0.276652483867817,5.62472492423241,-4.88621750213946e-05
-0.276242766485505,5.62431135601535,-4.81717962201426e-05
-0.275835441423614,5.62389963343257,-4.74758064078745e-05
-0.275429985264339,5.62349100147568,-4.71603489467934e-05
-0.275026204129195,5.62308637164324,-4.74269286794576e-05
-0.27462448447418,5.62268605913741,-4.81994300618451e-05
-0.2742257627068,5.62228980015308,-4.91633348288834e-05
-0.273831230972061,5.62189703790331,-4.99170384805774e-05
-0.273441920844022,5.62150733933608,-5.01624755400288e-05
-0.273058362785517,5.62112074434912,-4.98445749828709e-05
-0.272680481357907,5.62073788336262,-4.91743122491654e-05
-0.272307773159644,5.62035981028341,-4.85258681061323e-05
-0.271939680492384,5.61998763288651,-4.82579609087947e-05
-0.271575982280065,5.61962211745353,-4.85446211888251e-05
-0.271217017543505,5.61926345478992,-4.92951968910227e-05
-0.270863637797595,5.61891129652912,-5.02002899627126e-05
-0.270516913887933,5.61856504179181,-5.08804259109387e-05
-0.270177738509958,5.61822423619727,-5.10660306452995e-05
-0.269846513416799,5.61788889360152,-5.07233636055973e-05
-0.269523068261441,5.61755958946593,-5.00675957387831e-05
-0.269206846965396,5.61723728427607,-4.94582093585748e-05
-0.268897270686999,5.61692296341466,-4.92275151967083e-05
-0.268594103984586,5.61661726565761,-4.95240514076319e-05
-0.268297651130749,5.61632027593139,-5.02446239045874e-05
-0.268008691662154,5.61603157840074,-5.1086013846182e-05
-0.267728188436934,5.61575054186397,-5.16905079400991e-05
-0.267456908563435,5.6154766999611,-5.18154194865764e-05
-0.267195137143565,5.61521004542032,-5.14462762497784e-05
-0.266942617900967,5.6149511001838,-5.08009081589574e-05
-0.26669874607864,5.61470073066137,-5.0223808306467e-05
-0.26646291954401,5.61445979809155,-5.0021953993081e-05
-0.26623488037125,5.61422881086644,-5.03203020175845e-05
-0.266014885556418,5.61400774288487,-5.10049495455526e-05
-0.265803628037977,5.61379610175426,-5.17797500187081e-05
-0.265601948012454,5.61359321173954,-5.23082993387667e-05
-0.265410473135488,5.61339857535207,-5.23732362132588e-05
-0.265229358254479,5.61321214187188,-5.19774381049861e-05
-0.265058246440396,5.61303435697827,-5.13400276026136e-05
-0.264896467252691,5.61286597245633,-5.07903299348873e-05
-0.26474337598615,5.61270770851464,-5.06110659396529e-05
-0.264598672156425,5.61255992986484,-5.0905420565126e-05
-0.264462547093355,5.61242248846538,-5.15504637372777e-05
-0.26433559289591,5.61229480545689,-5.22578849073337e-05
-0.264218518478209,5.61217615106391,-5.27120861070329e-05
-0.264111809070459,5.6120659881958,-5.2719512415334e-05
-0.264015490769518,5.61196421687403,-5.22985822385714e-05
-0.263929110350885,5.61187120525622,-5.16684671648026e-05
-0.263851937663726,5.61178759510188,-5.1143225084293e-05
-0.263783292704042,5.61171397622262,-5.09823977878768e-05
-0.263722841638399,5.61165058531848,-5.12691287742638e-05
-0.263670722431935,5.61159717136758,-5.18730167118431e-05
-0.263627442767192,5.61155308947299,-5.25142323112042e-05
-0.26359360114534,5.61151757644,-5.28974208532106e-05
-0.263569565023345,5.61149007600326,-5.28513406259877e-05
-0.263555258638984,5.61147045962093,-5.24082426707066e-05
-0.263550159641811,5.61145903979387,-5.17862326213223e-05
-0.263553503884243,5.61145637202166,-5.12840971080264e-05
-0.263564599384586,5.61146294139013,-5.1139291327672e-05
-0.263583099997277,5.61147888320031,-5.14165731533952e-05
-0.263609110023349,5.61150386928219,-5.19794971972677e-05
-0.263643072288246,5.61153721188235,-5.25572412703627e-05
-0.263685495020561,5.61157813364708,-5.28740811327563e-05
-0.263736648379833,5.61162607433754,-5.27796407672521e-05
-0.263796374344086,5.61168088901224,-5.23184151076158e-05
-0.263864098509667,5.61174284530566,-5.17064641236219e-05
-0.263939035994883,5.61181242336448,-5.12273850196136e-05
-0.264020492049939,5.6118900151805,-5.10976357266451e-05
-0.264108114362579,5.61197566650276,-5.13651574793704e-05
-0.264201978471984,5.61206898280688,-5.18887630458387e-05
-0.264302467865532,5.61216924196025,-5.24070620483755e-05
-0.264410007750231,5.61227565812375,-5.26633184558373e-05
-0.264524779959081,5.61238767062303,-5.25266280745311e-05
-0.264646553954429,5.61250512114588,-5.20522495881497e-05
-0.264774712558782,5.61262823690726,-5.14533285472816e-05
-0.264908458195788,5.6127574300089,-5.0998416336664e-05
-0.265047100324463,5.61289300994533,-5.0884048405074e-05
-0.26519028751149,5.61303494616754,-5.11428357776632e-05
-0.265338075268485,5.61318279245023,-5.16300395669335e-05
-0.265490799585143,5.61333580713031,-5.20940350576603e-05
-0.265648818219059,5.61349321037439,-5.22964024080729e-05
-0.265812243585499,5.61365445555615,-5.2124358434403e-05
-0.265980793674697,5.61381938653269,-5.16425397720387e-05
-0.266153830249757,5.61398820794622,-5.10604094737408e-05
-0.266330564325314,5.61416128482181,-5.0631675753598e-05
-0.266510330121853,5.6143388681893,-5.05340149486758e-05
-0.266692797445821,5.61452087731298,-5.07861165379607e-05
-0.266878022988153,5.61470684089482,-5.12407717288147e-05
-0.267066318239828,5.6148960233554,-5.16563670327012e-05
-0.267257998594365,5.61508767456146,-5.18121004466025e-05
-0.267453133596083,5.61528128373796,-5.1612007054828e-05
-0.26765141638952,5.61547671766211,-5.1128814853546e-05
-0.267852212776458,5.61567417924409,-5.05676387847073e-05
-0.26805476475519,5.61587400815887,-5.01676030907423e-05
-0.268258450720308,5.6160764195543,-5.00885725355131e-05
-0.268462978834516,5.61628130502267,-5.03366444756431e-05
-0.268668423039236,5.61648818920473,-5.07631189209411e-05
-0.268875086519262,5.61669636082094,-5.11365628078037e-05
-0.269083259108924,5.61690511431477,-5.12530806268873e-05
-0.269292984473716,5.61711398676114,-5.10322789203263e-05
-0.269503946977451,5.61732287822961,-5.05537878871971e-05
-0.269715530371549,5.61753200010598,-5.0017801278363e-05
-0.269927018693916,5.61774167777254,-4.96491633399407e-05
-0.270137842925658,5.61795210255082,-4.95909525306697e-05
-0.270347756429138,5.61816315071344,-4.98379267017538e-05
-0.270556857154551,5.6183743543647,-5.02407794898891e-05
-0.270765447913627,5.61858503629592,-5.05783607890712e-05
-0.270973802615677,5.61879454332727,-5.0662961289521e-05
-0.271181950021887,5.61900246686451,-5.04285639760337e-05
-0.271389577043444,5.6192087466969,-4.99605994178982e-05
-0.271596095988527,5.61941361039594,-4.9453848624999e-05
-0.271800842215038,5.61961737887752,-4.91192174006681e-05
-0.272003307422896,5.61982023157176,-4.90839993883919e-05
-0.272203298055186,5.62002204267068,-4.93327916716675e-05
-0.272400944905059,5.62022236508399,-4.97164769134847e-05
-0.272596561149588,5.62042056808558,-5.00242272063262e-05
-0.272790417662963,5.62061606195782,-5.00837912553368e-05
-0.272982542754327,5.62080850259501,-4.98423840713777e-05
-0.273172640718269,5.6209978797039,-4.93902193075927e-05
-0.273360166384197,5.62118444831597,-4.89162516795532e-05
-0.273544518731383,5.62136853779646,-4.86178244154774e-05
-0.273725260805176,5.62155033001127,-4.86074224357375e-05
-0.273902261793042,5.62172971183475,-4.88605883563509e-05
-0.274075695065695,5.62190627086214,-4.92291049344417e-05
-0.274245894772963,5.62207943475282,-4.95124500791633e-05
-0.2744131403636,5.62224868677021,-4.95531019624237e-05
-0.274577471650808,5.62241375485084,-4.93104180541704e-05
-0.27473862144429,5.62257468520127,-4.88784616170401e-05
-0.274896096240243,5.62273176697521,-4.84400207714377e-05
-0.27504936517124,5.62288534530669,-4.81792809699799e-05
-0.275198066727876,5.62303561228656,-4.81948670118615e-05
-0.275342135395019,5.62318247486762,-4.84543042601292e-05
-0.275481789286016,5.62332556121589,-4.88109101171954e-05
-0.275617386187483,5.6234643609245,-4.90744049615386e-05
-0.275749217501926,5.6235984313226,-4.91012728274974e-05
-0.275877338120588,5.62372757166007,-4.88619784898942e-05
-0.276001512171221,5.62385188324143,-4.84535796316612e-05
-0.276121298939167,5.62397168839157,-4.80524232791849e-05
-0.276236236768979,5.62408734813239,-4.78299652626006e-05
-0.276346036950837,5.62419906584436,-4.78718900506423e-05
-0.276450695882435,5.62430676981524,-4.81386767414158e-05
-0.276550473447959,5.62441012925432,-4.84857402905728e-05
-0.276645749346688,5.6245086946807,-4.87329372360515e-05
-0.276736826625305,5.62460209494489,-4.87500398220621e-05
-0.276823775818643,5.62469019716262,-4.8517636870137e-05
-0.276906392854882,5.62477315442949,-4.81349985594419e-05
-0.276984289305162,5.62485132005324,-4.77718165096352e-05
-0.277057070827347,5.62492507033837,-4.75872641801164e-05
-0.277124518495483,5.62499462067476,-4.76549751293913e-05
-0.277186687316405,5.62505992187465,-4.79292884208482e-05
-0.277243876331132,5.62512068479724,-4.82682115680707e-05
-0.277296485877717,5.62517652014677,-4.85015923816725e-05
-0.277344830713211,5.62522712607057,-4.85117827014622e-05
-0.277388997754314,5.62527243437195,-4.82885643513835e-05
-0.277428815100524,5.62531264671915,-4.79327086503795e-05
-0.27746394567034,5.62534814497757,-4.76070932350022e-05
-0.277494059761476,5.62537931943178,-4.74590716579646e-05
-0.277519004084447,5.62540639694664,-4.75510845635683e-05
-0.277538887425598,5.62542935020227,-4.78321752359315e-05
-0.277554043388443,5.62544792990779,-4.816337655873e-05
-0.277564889176577,5.6254618033233,-4.83843503250611e-05
-0.27757174826839,5.62547073239068,-4.83893322476463e-05
-0.277574721110721,5.62547470682586,-4.8176418215404e-05
-0.277573664310243,5.6254739697689,-4.78472362012184e-05
-0.277568286855857,5.62546892505526,-4.75577418964354e-05
-0.277558316524865,5.62545997121564,-4.74439428639936e-05
-0.277543657009633,5.6254473414055,-4.75579129532374e-05
-0.277524461595813,5.62543102475628,-4.78441849439184e-05
-0.277501089492375,5.625410805312,-4.81671925102823e-05
-0.27747396673461,5.62538639875602,-4.83762058475339e-05
-0.277443418407278,5.62535762116692,-4.83766630654453e-05
-0.277409551717313,5.62532450966849,-4.81741451965011e-05
-0.277372244513682,5.62528733848433,-4.78705546197178e-05
-0.277331243416041,5.62524652396577,-4.7614862510181e-05
-0.277286323891516,5.62520246468282,-4.7532212040014e-05
-0.277237435905437,5.62515539281384,-4.76651034316463e-05
-0.277184766465022,5.62510530685672,-4.79542868600765e-05
-0.277128690422254,5.62505201646555,-4.82679179253577e-05
-0.27706963401445,5.62499527689843,-4.84646441809762e-05
-0.277007916559515,5.62493494849149,-4.84604398399764e-05
-0.276943645289413,5.62487110549673,-4.82675904593077e-05
-0.276876712342087,5.62480404341087,-4.79877488852413e-05
-0.276806894112006,5.62473418245759,-4.776287991876e-05
-0.276734004806928,5.62466191396531,-4.77077480764796e-05
-0.276658031007759,5.62458746281815,-4.78560392078566e-05
-0.276579183844179,5.62451083072141,-4.81453933478165e-05
-0.27649784504272,5.62443184610211,-4.84479587005811e-05
-0.276414433506586,5.62435029579668,-4.86315074706564e-05
-0.276329256315698,5.62426607533006,-4.86219007227089e-05
-0.276242414657548,5.6241792865369,-4.84373951795523e-05
-0.276153808439133,5.62409023696911,-4.81789250671316e-05
-0.276063236212876,5.6239993424512,-4.79814635028337e-05
-0.275970542065932,5.623906979877,-4.7949883426296e-05
-0.275875739496159,5.62381336030187,-4.81097816346333e-05
-0.275779053975215,5.62371848198929,-4.83963078308523e-05
-0.275680864979731,5.6236221846151,-4.86858272678973e-05
-0.275581575979693,5.62352427780588,-4.88549660602714e-05
-0.275481474574281,5.62342468238564,-4.88388412399966e-05
-0.275380648902214,5.62332351741466,-4.86609930493274e-05
-0.275278999109943,5.62322109248265,-4.84212192335614e-05
-0.275176337313818,5.62311780994151,-4.8247548488714e-05
-0.275072527769418,5.62301402424986,-4.82354480620666e-05
-0.27496760052854,5.62290992531666,-4.84031170096376e-05
-0.274861785159478,5.62280550062352,-4.86837840558907e-05
-0.27475544948274,5.62270059306258,-4.89582129460591e-05
-0.274648973315354,5.62259502602139,-4.91115974978144e-05
-0.274542617570298,5.62248873581306,-4.90876987372522e-05
-0.274436450555696,5.62238184877489,-4.89146965917717e-05
-0.274330365587129,5.62227466722107,-4.86908820381049e-05
-0.274224180502524,5.62216757190303,-4.85374152464068e-05
-0.274117771093635,5.62206088798153,-4.85408398261501e-05
-0.27401117500455,5.6219547782068,-4.87126140456558e-05
-0.273904617332658,5.62184921341575,-4.89845664276215e-05
-0.273798446715841,5.62174403335624,-4.92420006759826e-05
-0.273693013101196,5.62163906803358,-4.93783792049144e-05
-0.273588545576467,5.62153426153385,-4.93455147043327e-05
-0.273485087940871,5.6214297397815,-4.9175625170667e-05
-0.27338252175272,5.62132579084989,-4.89651688154052e-05
-0.27328066492946,5.62122276811177,-4.8828538319278e-05
-0.273179398428673,5.62112096284379,-4.88438297839333e-05
-0.273078760825546,5.62102050678749,-4.90163835530653e-05
-0.272978966463441,5.62092135031938,-4.92771026265555e-05
-0.27288033946692,5.62082332564112,-4.95159356535119e-05
-0.272783195737049,5.62072626413467,-4.96343045001331e-05
-0.272687729246763,5.62063011180187,-4.95915017468464e-05
-0.272593956271016,5.62053498826331,-4.9423222680595e-05
-0.27250174320132,5.62044116208315,-4.92238081336433e-05
-0.272410903818649,5.62034895502481,-4.91010065235665e-05
-0.272321319256323,5.620258621265,-4.91249351304228e-05
-0.272233023710745,5.62017025888881,-4.92954058179861e-05
-0.272146215797259,5.62008379507724,-4.95428272084491e-05
-0.272061191034148,5.61999905111222,-4.9761864668859e-05
-0.27197822824438,5.61991585555463,-4.98615828036346e-05
-0.271897484051328,5.61983415156614,-4.98082034347198e-05
-0.271818945194604,5.61975404774009,-4.96403776591359e-05
-0.271742460506939,5.6196757890781,-4.94500828162474e-05
-0.271667836515627,5.61959966273858,-4.93385656095737e-05
-0.271594950768667,5.61952588382361,-4.93684242024516e-05
-0.271523829148395,5.61945451537509,-4.9534498462242e-05
-0.271454651070063,5.61938545996531,-4.97670924176192e-05
-0.271387680944518,5.61931852601945,-4.99656295201701e-05
-0.271323159130983,5.61925353667477,-5.00464948996734e-05
-0.271261204354932,5.61919042926663,-4.99823104077425e-05
-0.271201773548682,5.61912929856256,-4.98141991333144e-05
-0.271144697418319,5.61907036398066,-4.9631564452341e-05
-0.271089774062772,5.61901387716253,-4.95293104521138e-05
-0.27103687575875,5.61896001425305,-4.95629654789235e-05
-0.270986018329471,5.61890880394822,-4.97229214846834e-05
-0.270937360775835,5.61886012488576,-4.99397285689079e-05
-0.270891136162708,5.61881377281254,-5.0117582066309e-05
-0.270847547210977,5.61876956500224,-5.01798620057843e-05
-0.27080667632768,5.61872743218241,-5.01050828593947e-05
-0.270768452409945,5.61868745470813,-4.9936392070518e-05
-0.270732689452398,5.61864982655655,-4.97604416620522e-05
-0.270699177900483,5.61861476499818,-4.96659663918479e-05
-0.270667785002262,5.61858240925135,-4.97018627070049e-05
-0.27063851667048,5.61855275612604,-4.98545672448883e-05
-0.270611512098184,5.61852566263515,-5.00551901567941e-05
-0.270586974466644,5.61850091357407,-5.02126877511758e-05
-0.270565071229648,5.61847832140858,-5.02571079313063e-05
-0.270545851438364,5.61845781093247,-5.01723725057418e-05
-0.270529218971167,5.61843944890342,-5.00032404095399e-05
-0.270514973677419,5.61842340531616,-4.98334656431157e-05
-0.270502900229535,5.61840986541537,-4.97457989993449e-05
-0.270492862180975,5.6183989345946,-4.97829307611126e-05
-0.270484856764343,5.61839058119757,-4.99278043040437e-05
-0.270479005024115,5.61838464381333,-5.01123693909096e-05
-0.270475482715938,5.61838089888789,-5.02503102511132e-05
-0.270474425317447,5.61837915603698,-5.02780159422493e-05
-0.27047585233503,5.61837933574221,-5.01843525385211e-05
-0.270479646452332,5.61838149296156,-5.00153108549617e-05
-0.270485596751857,5.61838577615488,-4.98516285375625e-05
-0.270493484873132,5.61839234185077,-4.97702677565147e-05
-0.270503172939166,5.61840126564508,-4.98081253587072e-05
-0.270514651727837,5.61841249173046,-4.99450837947187e-05
-0.270528026824698,5.61842584436893,-5.01141796589304e-05
-0.270543450044044,5.61844109519194,-5.02337722435336e-05
-0.270561029169658,5.61845805391766,-5.0246266833773e-05
-0.270580758921372,5.61847663939358,-5.01450328580855e-05
-0.270602505529463,5.61849689766712,-4.99769451004539e-05
-0.270626051603768,5.61851895919323,-4.98196325683769e-05
-0.270651179430543,5.61854295612457,-4.97444722053054e-05
-0.270677752936278,5.61856893923837,-4.97829665102731e-05
-0.270705759650581,5.61859683376457,-4.99123405966862e-05
-0.270735293342554,5.61862645454986,-5.00669348935873e-05
-0.270766486248932,5.6186575727305,-5.01697133897406e-05
-0.270799423515072,5.6186900018518,-5.01687758925421e-05
-0.270834080490123,5.61872366256118,-5.00615763771188e-05
-0.27087031225031,5.61875859559784,-4.98955559472422e-05
-0.270907899715593,5.61879491757315,-4.97451666692513e-05
-0.270946629946128,5.61883274111867,-4.96764100592622e-05
-0.270986372323781,5.61887209755519,-4.97157793175959e-05
-0.271027114713586,5.61891289860048,-4.9838218146948e-05
-0.271068943018883,5.61895495477021,-4.99795597033006e-05
-0.271111974470756,5.61899804114564,-5.00672869821879e-05
-0.271156276721681,5.61904197892013,-5.00548771253561e-05
-0.271201811143469,5.61908669405296,-4.99434718213514e-05
-0.271248426850545,5.61913222562165,-4.97807896866774e-05
-0.271295907704007,5.61917868053931,-4.96380595522065e-05
-0.27134404950412,5.61922615667281,-4.9576122167089e-05
-0.271392730587497,5.61927467106343,-4.96168320964745e-05
-0.271441942588827,5.61932412711366,-4.97332009362491e-05
-0.2714917673276,5.61937433580568,-4.98627173061214e-05
-0.27154231138727,5.61942508032394,-4.99372841669974e-05
-0.27159362979967,5.61947619307915,-4.991544441159e-05
-0.271645675026035,5.61952760863654,-4.98016523056171e-05
-0.271698295056754,5.61957936785598,-4.96436425388327e-05
-0.271751280976652,5.61963157188097,-4.95093944766061e-05
-0.271804440977456,5.61968430831342,-4.94548061491127e-05
-0.271857665577292,5.61973758478609,-4.94974494690419e-05
-0.271910953370557,5.61979130123919,-4.96087276329976e-05
-0.271964385629158,5.61984527356353,-4.97279231714907e-05
-0.272018062367566,5.61989929686547,-4.97912484514089e-05
-0.2720720305357,5.61995321803408,-4.97620070941676e-05
-0.272126238363036,5.62000698325115,-4.96476121649229e-05
-0.272180537129514,5.62006063831898,-4.94955789220924e-05
-0.272234728992133,5.62011428222116,-4.9370629290959e-05
-0.272288637761351,5.620167996412,-4.93239387229538e-05
-0.272342168952314,5.62022178352982,-4.93691376372009e-05
-0.272395330893488,5.62027554438434,-4.94763200415711e-05
-0.27244820739507,5.62032910365578,-4.95866783820373e-05
-0.272500895466029,5.62038227161624,-4.96406141108137e-05
-0.272553437916596,5.62043491231976,-4.96058939998224e-05
-0.272605782749398,5.62048698599701,-4.94925571434025e-05
-0.272657788218189,5.62053854594918,-4.93476884402905e-05
-0.272709270645277,5.62058969195273,-4.92327609885422e-05
-0.272760071929098,5.62064050270092,-4.91944487508312e-05
-0.272810114643417,5.62069097944404,-4.92427669471078e-05
-0.272859418863772,5.62074102732527,-4.93467762202342e-05
-0.272908073232665,5.6207904827972,-4.94496742594673e-05
-0.272956174472741,5.62083917364359,-4.94959231407916e-05
-0.273003764291185,5.62088698289005,-4.94574634020012e-05
-0.27305079351194,5.62093388638565,-4.93466479724841e-05
-0.273097130064918,5.62097994662409,-4.92099436739526e-05
-0.273142606555075,5.62102526624195,-4.91055983597263e-05
-0.273187084492066,5.62106992363335,-4.90760054628265e-05
-0.273230504660432,5.62111392130318,-4.9127876415124e-05
-0.273272900011431,5.62115717120685,-4.92294919895506e-05
-0.27331436543207,5.62119952357377,-4.93261314089866e-05
-0.273354999177017,5.62124082510006,-4.93661822243612e-05
-0.27339484395788,5.62128097869127,-4.93254781434574e-05
-0.273433855518626,5.62131997652794,-4.92183937877826e-05
-0.273471913219894,5.62135789115509,-4.90906120193118e-05
-0.273508867146254,5.62139482929749,-4.89971924373977e-05
-0.273544599066201,5.62143087064985,-4.89764677727162e-05
-0.27357906829715,5.62146602072612,-4.90321422282513e-05
-0.273612320993984,5.62150019987192,-4.91319489162672e-05
-0.27364445890316,5.62153327320752,-4.92233074027065e-05
-0.273675582812225,5.62156510688326,-4.92583902139371e-05
-0.273705737696005,5.62159562377379,-4.92166529165076e-05
-0.273734885443328,5.62162483231615,-4.91142191713514e-05
-0.273762917720416,5.62165281518616,-4.8995842500097e-05
-0.273789702425506,5.6216796836287,-4.89134431892051e-05
-0.273815141402095,5.62170551940835,-4.89015110768958e-05
-0.273839212021896,5.62173033193607,-4.8961024951061e-05
-0.273861973185582,5.6217540506375,-4.90593822323997e-05
-0.273883533319606,5.62177655575152,-4.91461856479341e-05
-0.273903995922115,5.62179773256095,-4.91772480833343e-05
-0.273923408630912,5.62181752316717,-4.91353853444701e-05
-0.273941739819038,5.62183595138215,-4.90382163732846e-05
-0.273958893442865,5.62185310929175,-4.89294391709216e-05
-0.27397475467746,5.62186911227786,-4.88578942201462e-05
-0.273989244421952,5.62188404410171,-4.88544434506556e-05
-0.274002356824699,5.6218979180916,-4.8917607443071e-05
-0.274014162298604,5.62191067256784,-4.90146406637661e-05
-0.274024774998248,5.62192220225733,-4.90973572143713e-05
-0.274034300524625,5.62193241043381,-4.91250627070266e-05
-0.274042788775778,5.62194125691059,-4.9083681547123e-05
-0.274050214139902,5.62194877926179,-4.89920924309687e-05
-0.27405649205554,5.62195507755475,-4.88928295561863e-05
-0.274061523683932,5.62196027022113,-4.88317223413079e-05
-0.27406524725929,5.62196444223357,-4.88362162070616e-05
-0.274067671779648,5.62196761014094,-4.89026262814732e-05
-0.274068877324636,5.62196972026616,-4.89982385425671e-05
-0.274068982229858,5.62197068051945,-4.90770933592222e-05
-0.274068092996033,5.62197041039998,-4.91018393944277e-05
-0.274066260778326,5.62196888534992,-4.90612681770397e-05
-0.274063464914831,5.62196615457064,-4.8975300154622e-05
-0.27405963094498,5.62196232418688,-4.8885214054036e-05
-0.274054674194091,5.62195751410313,-4.88339049306314e-05
-0.274048548031396,5.62195180922196,-4.88456088281529e-05
-0.274041273946078,5.62194522811452,-4.89146739159168e-05
-0.274032939439074,5.62193772372164,-4.90085748200453e-05
-0.27402366509032,5.62192921536752,-4.9083580961566e-05
-0.274013556701298,5.62191963658953,-4.91055332202877e-05
-0.274002665274468,5.62190897600002,-4.90658590539311e-05
-0.273990973624045,5.62189729195303,-4.89853194618184e-05
-0.273978415616523,5.62188469438345,-4.8903861416204e-05
-0.273964918560472,5.62187130276601,-4.88615290903402e-05
-0.273950448444218,5.62185720031312,-4.88795514176931e-05
-0.273935036612594,5.62184240607161,-4.89505340796183e-05
-0.27391877548925,5.62182687787226,-4.90422810847529e-05
-0.273901785713409,5.62181054436517,-4.91132827312572e-05
-0.273884170531027,5.62179335065943,-4.91324209229747e-05
-0.273865979113783,5.62177529584267,-4.90935381865919e-05
-0.273847196009846,5.62175644474443,-4.90180509420655e-05
-0.273827761389048,5.62173690867675,-4.89445123127701e-05
-0.27380761214877,5.62171680459624,-4.89102047405823e-05
-0.273786724212159,5.62169621221168,-4.89335469190788e-05
-0.273765136017433,5.62167514930269,-4.90056127539321e-05
-0.273742942313076,5.62165357667831,-4.90946608668466e-05
-0.273720261523362,5.62163143007419,-4.9161384369931e-05
-0.273697192391223,5.62160866359769,-4.91775553477115e-05
-0.273673780485283,5.6215852840573,-4.91392208553678e-05
-0.273650010259093,5.62156136005944,-4.90682829173076e-05
-0.273625826100897,5.62153700185947,-4.90018517453872e-05
-0.273601172082267,5.62151232181168,-4.89745418287073e-05
-0.273576031404524,5.6214873943091,-4.90021526294442e-05
-0.273550446907043,5.62146223412421,-4.90744235249955e-05
-0.273524513162681,5.62143680315118,-4.91601783525579e-05
-0.273498344213686,5.62141104202162,-4.92222860953894e-05
-0.2734720324572,5.62138491136162,-4.92352591598144e-05
-0.273445618187534,5.62135842308361,-4.91971488463361e-05
-0.273419084042022,5.62133164704177,-4.91301875330624e-05
-0.273392376670836,5.62130469018542,-4.90700053872928e-05
-0.273365445068606,5.62127765836553,-4.90486463955562e-05
-0.273338277261466,5.62125061902217,-4.90794755494564e-05
-0.273310918034164,5.62122358235168,-4.91510818170617e-05
-0.273283459537858,5.62119650962021,-4.92329510940162e-05
-0.27325600952109,5.62116934437013,-4.92900933752121e-05
